char,unicode,encoding,key_hex,glyph_id
一,U+4E00,private,0xF040,0x51
丁,U+4E01,private,0xF041,0x52
七,U+4E03,private,0xF042,0x53
万,U+4E07,private,0xF043,0x54
三,U+4E09,private,0xF044,0x55
上,U+4E0A,private,0xF045,0x56
下,U+4E0B,private,0xF046,0x57
不,U+4E0D,private,0xF047,0x58
与,U+4E0E,private,0xF048,0x59
专,U+4E13,private,0xF049,0x5A
且,U+4E14,private,0xF04A,0x5B
世,U+4E16,private,0xF04B,0x5C
业,U+4E1A,private,0xF04C,0x5D
丛,U+4E1B,private,0xF04D,0x5E
东,U+4E1C,private,0xF04E,0x5F
丝,U+4E1D,private,0xF04F,0x60
丢,U+4E22,private,0xF050,0x61
两,U+4E24,private,0xF051,0x62
严,U+4E25,private,0xF052,0x63
丧,U+4E27,private,0xF053,0x64
个,U+4E2A,private,0xF054,0x65
丫,U+4E2B,private,0xF055,0x66
中,U+4E2D,private,0xF056,0x67
丰,U+4E30,private,0xF057,0x68
串,U+4E32,private,0xF058,0x69
临,U+4E34,private,0xF059,0x6A
丸,U+4E38,private,0xF05A,0x6B
为,U+4E3A,private,0xF05B,0x6C
主,U+4E3B,private,0xF05C,0x6D
丽,U+4E3D,private,0xF05D,0x6E
举,U+4E3E,private,0xF05E,0x6F
久,U+4E45,private,0xF05F,0x70
么,U+4E48,private,0xF060,0x71
义,U+4E49,private,0xF061,0x72
之,U+4E4B,private,0xF062,0x73
乌,U+4E4C,private,0xF063,0x74
乎,U+4E4E,private,0xF064,0x75
乏,U+4E4F,private,0xF065,0x76
乐,U+4E50,private,0xF066,0x77
乖,U+4E56,private,0xF067,0x78
也,U+4E5F,private,0xF068,0x79
习,U+4E60,private,0xF069,0x7A
乡,U+4E61,private,0xF06A,0x7B
书,U+4E66,private,0xF06B,0x7C
买,U+4E70,private,0xF06C,0x7D
乱,U+4E71,private,0xF06D,0x7E
乳,U+4E73,private,0xF06E,0x7F
了,U+4E86,private,0xF06F,0x80
予,U+4E88,private,0xF070,0x81
争,U+4E89,private,0xF071,0x82
事,U+4E8B,private,0xF072,0x83
二,U+4E8C,private,0xF073,0x84
于,U+4E8E,private,0xF074,0x85
亏,U+4E8F,private,0xF075,0x86
云,U+4E91,private,0xF076,0x87
互,U+4E92,private,0xF077,0x88
五,U+4E94,private,0xF078,0x89
井,U+4E95,private,0xF079,0x8A
亚,U+4E9A,private,0xF07A,0x8B
些,U+4E9B,private,0xF07B,0x8C
交,U+4EA4,private,0xF07C,0x8D
亦,U+4EA6,private,0xF07D,0x8E
产,U+4EA7,private,0xF07E,0x8F
享,U+4EAB,private,0xF080,0x90
京,U+4EAC,private,0xF081,0x91
亮,U+4EAE,private,0xF082,0x92
亲,U+4EB2,private,0xF083,0x93
人,U+4EBA,private,0xF084,0x94
亿,U+4EBF,private,0xF085,0x95
什,U+4EC0,private,0xF086,0x96
仁,U+4EC1,private,0xF087,0x97
仅,U+4EC5,private,0xF088,0x98
仆,U+4EC6,private,0xF089,0x99
仇,U+4EC7,private,0xF08A,0x9A
今,U+4ECA,private,0xF08B,0x9B
介,U+4ECB,private,0xF08C,0x9C
仍,U+4ECD,private,0xF08D,0x9D
从,U+4ECE,private,0xF08E,0x9E
仓,U+4ED3,private,0xF08F,0x9F
仔,U+4ED4,private,0xF090,0xA0
他,U+4ED6,private,0xF091,0xA1
付,U+4ED8,private,0xF092,0xA2
仙,U+4ED9,private,0xF093,0xA3
代,U+4EE3,private,0xF094,0xA4
令,U+4EE4,private,0xF095,0xA5
以,U+4EE5,private,0xF096,0xA6
仪,U+4EEA,private,0xF097,0xA7
们,U+4EEC,private,0xF098,0xA8
仰,U+4EF0,private,0xF099,0xA9
件,U+4EF6,private,0xF09A,0xAA
价,U+4EF7,private,0xF09B,0xAB
任,U+4EFB,private,0xF09C,0xAC
份,U+4EFD,private,0xF09D,0xAD
仿,U+4EFF,private,0xF09E,0xAE
企,U+4F01,private,0xF09F,0xAF
伊,U+4F0A,private,0xF0A0,0xB0
伍,U+4F0D,private,0xF0A1,0xB1
伏,U+4F0F,private,0xF0A2,0xB2
伐,U+4F10,private,0xF0A3,0xB3
休,U+4F11,private,0xF0A4,0xB4
众,U+4F17,private,0xF0A5,0xB5
优,U+4F18,private,0xF0A6,0xB6
伙,U+4F19,private,0xF0A7,0xB7
会,U+4F1A,private,0xF0A8,0xB8
伞,U+4F1E,private,0xF0A9,0xB9
伟,U+4F1F,private,0xF0AA,0xBA
传,U+4F20,private,0xF0AB,0xBB
伤,U+4F24,private,0xF0AC,0xBC
伦,U+4F26,private,0xF0AD,0xBD
伪,U+4F2A,private,0xF0AE,0xBE
估,U+4F30,private,0xF0AF,0xBF
伴,U+4F34,private,0xF0B0,0xC0
伸,U+4F38,private,0xF0B1,0xC1
似,U+4F3C,private,0xF0B2,0xC2
但,U+4F46,private,0xF0B3,0xC3
位,U+4F4D,private,0xF0B4,0xC4
低,U+4F4E,private,0xF0B5,0xC5
住,U+4F4F,private,0xF0B6,0xC6
佐,U+4F50,private,0xF0B7,0xC7
体,U+4F53,private,0xF0B8,0xC8
何,U+4F55,private,0xF0B9,0xC9
余,U+4F59,private,0xF0BA,0xCA
佛,U+4F5B,private,0xF0BB,0xCB
作,U+4F5C,private,0xF0BC,0xCC
你,U+4F60,private,0xF0BD,0xCD
佣,U+4F63,private,0xF0BE,0xCE
佩,U+4F69,private,0xF0BF,0xCF
佳,U+4F73,private,0xF0C0,0xD0
使,U+4F7F,private,0xF0C1,0xD1
侈,U+4F88,private,0xF0C2,0xD2
例,U+4F8B,private,0xF0C3,0xD3
供,U+4F9B,private,0xF0C4,0xD4
依,U+4F9D,private,0xF0C5,0xD5
侣,U+4FA3,private,0xF0C6,0xD6
侦,U+4FA6,private,0xF0C7,0xD7
侧,U+4FA7,private,0xF0C8,0xD8
侵,U+4FB5,private,0xF0C9,0xD9
便,U+4FBF,private,0xF0CA,0xDA
促,U+4FC3,private,0xF0CB,0xDB
俏,U+4FCF,private,0xF0CC,0xDC
俗,U+4FD7,private,0xF0CD,0xDD
保,U+4FDD,private,0xF0CE,0xDE
信,U+4FE1,private,0xF0CF,0xDF
俩,U+4FE9,private,0xF0D0,0xE0
修,U+4FEE,private,0xF0D1,0xE1
俯,U+4FEF,private,0xF0D2,0xE2
俱,U+4FF1,private,0xF0D3,0xE3
俺,U+4FFA,private,0xF0D4,0xE4
倍,U+500D,private,0xF0D5,0xE5
倒,U+5012,private,0xF0D6,0xE6
倔,U+5014,private,0xF0D7,0xE7
候,U+5019,private,0xF0D8,0xE8
借,U+501F,private,0xF0D9,0xE9
倦,U+5026,private,0xF0DA,0xEA
值,U+503C,private,0xF0DB,0xEB
倾,U+503E,private,0xF0DC,0xEC
假,U+5047,private,0xF0DD,0xED
偏,U+504F,private,0xF0DE,0xEE
做,U+505A,private,0xF0DF,0xEF
停,U+505C,private,0xF0E0,0xF0
健,U+5065,private,0xF0E1,0xF1
偶,U+5076,private,0xF0E2,0xF2
偷,U+5077,private,0xF0E3,0xF3
催,U+50AC,private,0xF0E4,0xF4
傲,U+50B2,private,0xF0E5,0xF5
傻,U+50BB,private,0xF0E6,0xF6
像,U+50CF,private,0xF0E7,0xF7
僵,U+50F5,private,0xF0E8,0xF8
儿,U+513F,private,0xF0E9,0xF9
允,U+5141,private,0xF0EA,0xFA
元,U+5143,private,0xF0EB,0xFB
兄,U+5144,private,0xF0EC,0xFC
充,U+5145,private,0xF0ED,0xFD
兆,U+5146,private,0xF0EE,0xFE
先,U+5148,private,0xF0EF,0xFF
光,U+5149,private,0xF0F0,0x100
克,U+514B,private,0xF0F1,0x101
免,U+514D,private,0xF0F2,0x102
兔,U+5154,private,0xF0F3,0x103
兢,U+5162,private,0xF0F4,0x104
入,U+5165,private,0xF0F5,0x105
全,U+5168,private,0xF0F6,0x106
八,U+516B,private,0xF0F7,0x107
公,U+516C,private,0xF0F8,0x108
兮,U+516E,private,0xF0F9,0x109
共,U+5171,private,0xF0FA,0x10A
关,U+5173,private,0xF0FB,0x10B
兴,U+5174,private,0xF0FC,0x10C
兵,U+5175,private,0xF140,0x10D
其,U+5176,private,0xF141,0x10E
具,U+5177,private,0xF142,0x10F
典,U+5178,private,0xF143,0x110
养,U+517B,private,0xF144,0x111
兼,U+517C,private,0xF145,0x112
兽,U+517D,private,0xF146,0x113
冀,U+5180,private,0xF147,0x114
内,U+5185,private,0xF148,0x115
冈,U+5188,private,0xF149,0x116
册,U+518C,private,0xF14A,0x117
再,U+518D,private,0xF14B,0x118
冒,U+5192,private,0xF14C,0x119
写,U+5199,private,0xF14D,0x11A
军,U+519B,private,0xF14E,0x11B
冠,U+51A0,private,0xF14F,0x11C
冤,U+51A4,private,0xF150,0x11D
冬,U+51AC,private,0xF151,0x11E
冰,U+51B0,private,0xF152,0x11F
冲,U+51B2,private,0xF153,0x120
决,U+51B3,private,0xF154,0x121
况,U+51B5,private,0xF155,0x122
冷,U+51B7,private,0xF156,0x123
冻,U+51BB,private,0xF157,0x124
净,U+51C0,private,0xF158,0x125
准,U+51C6,private,0xF159,0x126
凉,U+51C9,private,0xF15A,0x127
凋,U+51CB,private,0xF15B,0x128
凌,U+51CC,private,0xF15C,0x129
减,U+51CF,private,0xF15D,0x12A
凑,U+51D1,private,0xF15E,0x12B
凝,U+51DD,private,0xF15F,0x12C
几,U+51E0,private,0xF160,0x12D
凡,U+51E1,private,0xF161,0x12E
凭,U+51ED,private,0xF162,0x12F
凶,U+51F6,private,0xF163,0x130
凸,U+51F8,private,0xF164,0x131
出,U+51FA,private,0xF165,0x132
击,U+51FB,private,0xF166,0x133
函,U+51FD,private,0xF167,0x134
刀,U+5200,private,0xF168,0x135
刁,U+5201,private,0xF169,0x136
刃,U+5203,private,0xF16A,0x137
分,U+5206,private,0xF16B,0x138
切,U+5207,private,0xF16C,0x139
刊,U+520A,private,0xF16D,0x13A
刑,U+5211,private,0xF16E,0x13B
划,U+5212,private,0xF16F,0x13C
列,U+5217,private,0xF170,0x13D
则,U+5219,private,0xF171,0x13E
刚,U+521A,private,0xF172,0x13F
创,U+521B,private,0xF173,0x140
初,U+521D,private,0xF174,0x141
删,U+5220,private,0xF175,0x142
判,U+5224,private,0xF176,0x143
利,U+5229,private,0xF177,0x144
别,U+522B,private,0xF178,0x145
刮,U+522E,private,0xF179,0x146
到,U+5230,private,0xF17A,0x147
制,U+5236,private,0xF17B,0x148
刷,U+5237,private,0xF17C,0x149
券,U+5238,private,0xF17D,0x14A
刺,U+523A,private,0xF17E,0x14B
刻,U+523B,private,0xF180,0x14C
剂,U+5242,private,0xF181,0x14D
前,U+524D,private,0xF182,0x14E
剑,U+5251,private,0xF183,0x14F
剔,U+5254,private,0xF184,0x150
剖,U+5256,private,0xF185,0x151
剧,U+5267,private,0xF186,0x152
剩,U+5269,private,0xF187,0x153
剪,U+526A,private,0xF188,0x154
副,U+526F,private,0xF189,0x155
劈,U+5288,private,0xF18A,0x156
力,U+529B,private,0xF18B,0x157
劝,U+529D,private,0xF18C,0x158
办,U+529E,private,0xF18D,0x159
功,U+529F,private,0xF18E,0x15A
加,U+52A0,private,0xF18F,0x15B
务,U+52A1,private,0xF190,0x15C
劣,U+52A3,private,0xF191,0x15D
动,U+52A8,private,0xF192,0x15E
助,U+52A9,private,0xF193,0x15F
努,U+52AA,private,0xF194,0x160
励,U+52B1,private,0xF195,0x161
劲,U+52B2,private,0xF196,0x162
劳,U+52B3,private,0xF197,0x163
势,U+52BF,private,0xF198,0x164
勃,U+52C3,private,0xF199,0x165
勇,U+52C7,private,0xF19A,0x166
勉,U+52C9,private,0xF19B,0x167
勒,U+52D2,private,0xF19C,0x168
募,U+52DF,private,0xF19D,0x169
勤,U+52E4,private,0xF19E,0x16A
勾,U+52FE,private,0xF19F,0x16B
匀,U+5300,private,0xF1A0,0x16C
包,U+5305,private,0xF1A1,0x16D
匆,U+5306,private,0xF1A2,0x16E
化,U+5316,private,0xF1A3,0x16F
北,U+5317,private,0xF1A4,0x170
匹,U+5339,private,0xF1A5,0x171
区,U+533A,private,0xF1A6,0x172
医,U+533B,private,0xF1A7,0x173
十,U+5341,private,0xF1A8,0x174
千,U+5343,private,0xF1A9,0x175
升,U+5347,private,0xF1AA,0x176
午,U+5348,private,0xF1AB,0x177
卉,U+5349,private,0xF1AC,0x178
半,U+534A,private,0xF1AD,0x179
华,U+534E,private,0xF1AE,0x17A
协,U+534F,private,0xF1AF,0x17B
卑,U+5351,private,0xF1B0,0x17C
单,U+5355,private,0xF1B1,0x17D
卖,U+5356,private,0xF1B2,0x17E
南,U+5357,private,0xF1B3,0x17F
博,U+535A,private,0xF1B4,0x180
卜,U+535C,private,0xF1B5,0x181
卟,U+535F,private,0xF1B6,0x182
占,U+5360,private,0xF1B7,0x183
卡,U+5361,private,0xF1B8,0x184
卧,U+5367,private,0xF1B9,0x185
卫,U+536B,private,0xF1BA,0x186
印,U+5370,private,0xF1BB,0x187
危,U+5371,private,0xF1BC,0x188
即,U+5373,private,0xF1BD,0x189
却,U+5374,private,0xF1BE,0x18A
卵,U+5375,private,0xF1BF,0x18B
卷,U+5377,private,0xF1C0,0x18C
厂,U+5382,private,0xF1C1,0x18D
厅,U+5385,private,0xF1C2,0x18E
历,U+5386,private,0xF1C3,0x18F
厉,U+5389,private,0xF1C4,0x190
压,U+538B,private,0xF1C5,0x191
厌,U+538C,private,0xF1C6,0x192
厕,U+5395,private,0xF1C7,0x193
厚,U+539A,private,0xF1C8,0x194
原,U+539F,private,0xF1C9,0x195
厢,U+53A2,private,0xF1CA,0x196
厨,U+53A8,private,0xF1CB,0x197
去,U+53BB,private,0xF1CC,0x198
县,U+53BF,private,0xF1CD,0x199
参,U+53C2,private,0xF1CE,0x19A
又,U+53C8,private,0xF1CF,0x19B
叉,U+53C9,private,0xF1D0,0x19C
及,U+53CA,private,0xF1D1,0x19D
友,U+53CB,private,0xF1D2,0x19E
双,U+53CC,private,0xF1D3,0x19F
反,U+53CD,private,0xF1D4,0x1A0
发,U+53D1,private,0xF1D5,0x1A1
叔,U+53D4,private,0xF1D6,0x1A2
取,U+53D6,private,0xF1D7,0x1A3
受,U+53D7,private,0xF1D8,0x1A4
变,U+53D8,private,0xF1D9,0x1A5
叙,U+53D9,private,0xF1DA,0x1A6
叛,U+53DB,private,0xF1DB,0x1A7
叠,U+53E0,private,0xF1DC,0x1A8
口,U+53E3,private,0xF1DD,0x1A9
古,U+53E4,private,0xF1DE,0x1AA
句,U+53E5,private,0xF1DF,0x1AB
另,U+53E6,private,0xF1E0,0x1AC
叨,U+53E8,private,0xF1E1,0x1AD
只,U+53EA,private,0xF1E2,0x1AE
叫,U+53EB,private,0xF1E3,0x1AF
召,U+53EC,private,0xF1E4,0x1B0
叭,U+53ED,private,0xF1E5,0x1B1
叮,U+53EE,private,0xF1E6,0x1B2
可,U+53EF,private,0xF1E7,0x1B3
台,U+53F0,private,0xF1E8,0x1B4
史,U+53F2,private,0xF1E9,0x1B5
右,U+53F3,private,0xF1EA,0x1B6
叶,U+53F6,private,0xF1EB,0x1B7
号,U+53F7,private,0xF1EC,0x1B8
司,U+53F8,private,0xF1ED,0x1B9
叹,U+53F9,private,0xF1EE,0x1BA
叽,U+53FD,private,0xF1EF,0x1BB
吃,U+5403,private,0xF1F0,0x1BC
各,U+5404,private,0xF1F1,0x1BD
吆,U+5406,private,0xF1F2,0x1BE
合,U+5408,private,0xF1F3,0x1BF
吉,U+5409,private,0xF1F4,0x1C0
吊,U+540A,private,0xF1F5,0x1C1
同,U+540C,private,0xF1F6,0x1C2
名,U+540D,private,0xF1F7,0x1C3
后,U+540E,private,0xF1F8,0x1C4
吐,U+5410,private,0xF1F9,0x1C5
向,U+5411,private,0xF1FA,0x1C6
吓,U+5413,private,0xF1FB,0x1C7
吗,U+5417,private,0xF1FC,0x1C8
君,U+541B,private,0xF240,0x1C9
吞,U+541E,private,0xF241,0x1CA
吡,U+5421,private,0xF242,0x1CB
否,U+5426,private,0xF243,0x1CC
吧,U+5427,private,0xF244,0x1CD
吩,U+5429,private,0xF245,0x1CE
含,U+542B,private,0xF246,0x1CF
听,U+542C,private,0xF247,0x1D0
启,U+542F,private,0xF248,0x1D1
吱,U+5431,private,0xF249,0x1D2
吵,U+5435,private,0xF24A,0x1D3
吸,U+5438,private,0xF24B,0x1D4
吹,U+5439,private,0xF24C,0x1D5
吻,U+543B,private,0xF24D,0x1D6
吼,U+543C,private,0xF24E,0x1D7
呀,U+5440,private,0xF24F,0x1D8
呃,U+5443,private,0xF250,0x1D9
呆,U+5446,private,0xF251,0x1DA
告,U+544A,private,0xF252,0x1DB
呐,U+5450,private,0xF253,0x1DC
呕,U+5455,private,0xF254,0x1DD
员,U+5458,private,0xF255,0x1DE
呜,U+545C,private,0xF256,0x1DF
呢,U+5462,private,0xF257,0x1E0
呦,U+5466,private,0xF258,0x1E1
周,U+5468,private,0xF259,0x1E2
味,U+5473,private,0xF25A,0x1E3
呵,U+5475,private,0xF25B,0x1E4
呸,U+5478,private,0xF25C,0x1E5
呼,U+547C,private,0xF25D,0x1E6
命,U+547D,private,0xF25E,0x1E7
和,U+548C,private,0xF25F,0x1E8
咐,U+5490,private,0xF260,0x1E9
咒,U+5492,private,0xF261,0x1EA
咔,U+5494,private,0xF262,0x1EB
咕,U+5495,private,0xF263,0x1EC
咖,U+5496,private,0xF264,0x1ED
咙,U+5499,private,0xF265,0x1EE
咚,U+549A,private,0xF266,0x1EF
咣,U+54A3,private,0xF267,0x1F0
咦,U+54A6,private,0xF268,0x1F1
咧,U+54A7,private,0xF269,0x1F2
咪,U+54AA,private,0xF26A,0x1F3
咬,U+54AC,private,0xF26B,0x1F4
咯,U+54AF,private,0xF26C,0x1F5
咱,U+54B1,private,0xF26D,0x1F6
咳,U+54B3,private,0xF26E,0x1F7
咻,U+54BB,private,0xF26F,0x1F8
咽,U+54BD,private,0xF270,0x1F9
咿,U+54BF,private,0xF271,0x1FA
品,U+54C1,private,0xF272,0x1FB
哇,U+54C7,private,0xF273,0x1FC
哈,U+54C8,private,0xF274,0x1FD
哉,U+54C9,private,0xF275,0x1FE
响,U+54CD,private,0xF276,0x1FF
哎,U+54CE,private,0xF277,0x200
哐,U+54D0,private,0xF278,0x201
哑,U+54D1,private,0xF279,0x202
哒,U+54D2,private,0xF27A,0x203
哔,U+54D4,private,0xF27B,0x204
哗,U+54D7,private,0xF27C,0x205
哝,U+54DD,private,0xF27D,0x206
哟,U+54DF,private,0xF27E,0x207
哥,U+54E5,private,0xF280,0x208
哦,U+54E6,private,0xF281,0x209
哧,U+54E7,private,0xF282,0x20A
哨,U+54E8,private,0xF283,0x20B
哩,U+54E9,private,0xF284,0x20C
哪,U+54EA,private,0xF285,0x20D
哭,U+54ED,private,0xF286,0x20E
哲,U+54F2,private,0xF287,0x20F
哺,U+54FA,private,0xF288,0x210
哼,U+54FC,private,0xF289,0x211
唇,U+5507,private,0xF28A,0x212
唉,U+5509,private,0xF28B,0x213
唐,U+5510,private,0xF28C,0x214
唔,U+5514,private,0xF28D,0x215
唤,U+5524,private,0xF28E,0x216
唧,U+5527,private,0xF28F,0x217
唬,U+552C,private,0xF290,0x218
售,U+552E,private,0xF291,0x219
唯,U+552F,private,0xF292,0x21A
唰,U+5530,private,0xF293,0x21B
唱,U+5531,private,0xF294,0x21C
唷,U+5537,private,0xF295,0x21D
商,U+5546,private,0xF296,0x21E
啊,U+554A,private,0xF297,0x21F
啡,U+5561,private,0xF298,0x220
啥,U+5565,private,0xF299,0x221
啦,U+5566,private,0xF29A,0x222
啧,U+5567,private,0xF29B,0x223
啪,U+556A,private,0xF29C,0x224
啰,U+5570,private,0xF29D,0x225
啵,U+5575,private,0xF29E,0x226
啾,U+557E,private,0xF29F,0x227
喀,U+5580,private,0xF2A0,0x228
喂,U+5582,private,0xF2A1,0x229
善,U+5584,private,0xF2A2,0x22A
喉,U+5589,private,0xF2A3,0x22B
喊,U+558A,private,0xF2A4,0x22C
喔,U+5594,private,0xF2A5,0x22D
喘,U+5598,private,0xF2A6,0x22E
喙,U+5599,private,0xF2A7,0x22F
喜,U+559C,private,0xF2A8,0x230
喝,U+559D,private,0xF2A9,0x231
喱,U+55B1,private,0xF2AA,0x232
喳,U+55B3,private,0xF2AB,0x233
喵,U+55B5,private,0xF2AC,0x234
喷,U+55B7,private,0xF2AD,0x235
喻,U+55BB,private,0xF2AE,0x236
喽,U+55BD,private,0xF2AF,0x237
嗅,U+55C5,private,0xF2B0,0x238
嗒,U+55D2,private,0xF2B1,0x239
嗓,U+55D3,private,0xF2B2,0x23A
嗖,U+55D6,private,0xF2B3,0x23B
嗜,U+55DC,private,0xF2B4,0x23C
嗝,U+55DD,private,0xF2B5,0x23D
嗡,U+55E1,private,0xF2B6,0x23E
嗦,U+55E6,private,0xF2B7,0x23F
嗨,U+55E8,private,0xF2B8,0x240
嗬,U+55EC,private,0xF2B9,0x241
嗯,U+55EF,private,0xF2BA,0x242
嗵,U+55F5,private,0xF2BB,0x243
嗷,U+55F7,private,0xF2BC,0x244
嗽,U+55FD,private,0xF2BD,0x245
嘀,U+5600,private,0xF2BE,0x246
嘉,U+5609,private,0xF2BF,0x247
嘎,U+560E,private,0xF2C0,0x248
嘛,U+561B,private,0xF2C1,0x249
嘞,U+561E,private,0xF2C2,0x24A
嘟,U+561F,private,0xF2C3,0x24B
嘣,U+5623,private,0xF2C4,0x24C
嘲,U+5632,private,0xF2C5,0x24D
嘴,U+5634,private,0xF2C6,0x24E
嘶,U+5636,private,0xF2C7,0x24F
嘻,U+563B,private,0xF2C8,0x250
嘿,U+563F,private,0xF2C9,0x251
噌,U+564C,private,0xF2CA,0x252
噔,U+5654,private,0xF2CB,0x253
噗,U+5657,private,0xF2CC,0x254
噜,U+565C,private,0xF2CD,0x255
噢,U+5662,private,0xF2CE,0x256
器,U+5668,private,0xF2CF,0x257
噫,U+566B,private,0xF2D0,0x258
噬,U+566C,private,0xF2D1,0x259
噶,U+5676,private,0xF2D2,0x25A
噻,U+567B,private,0xF2D3,0x25B
噼,U+567C,private,0xF2D4,0x25C
嚏,U+568F,private,0xF2D5,0x25D
嚓,U+5693,private,0xF2D6,0x25E
嚣,U+56A3,private,0xF2D7,0x25F
嚯,U+56AF,private,0xF2D8,0x260
嚼,U+56BC,private,0xF2D9,0x261
囊,U+56CA,private,0xF2DA,0x262
囚,U+56DA,private,0xF2DB,0x263
四,U+56DB,private,0xF2DC,0x264
回,U+56DE,private,0xF2DD,0x265
因,U+56E0,private,0xF2DE,0x266
团,U+56E2,private,0xF2DF,0x267
园,U+56ED,private,0xF2E0,0x268
困,U+56F0,private,0xF2E1,0x269
围,U+56F4,private,0xF2E2,0x26A
固,U+56FA,private,0xF2E3,0x26B
国,U+56FD,private,0xF2E4,0x26C
图,U+56FE,private,0xF2E5,0x26D
圆,U+5706,private,0xF2E6,0x26E
圈,U+5708,private,0xF2E7,0x26F
土,U+571F,private,0xF2E8,0x270
圣,U+5723,private,0xF2E9,0x271
在,U+5728,private,0xF2EA,0x272
地,U+5730,private,0xF2EB,0x273
场,U+573A,private,0xF2EC,0x274
圾,U+573E,private,0xF2ED,0x275
址,U+5740,private,0xF2EE,0x276
坂,U+5742,private,0xF2EF,0x277
均,U+5747,private,0xF2F0,0x278
坏,U+574F,private,0xF2F1,0x279
坐,U+5750,private,0xF2F2,0x27A
坑,U+5751,private,0xF2F3,0x27B
块,U+5757,private,0xF2F4,0x27C
坚,U+575A,private,0xF2F5,0x27D
坛,U+575B,private,0xF2F6,0x27E
坝,U+575D,private,0xF2F7,0x27F
坠,U+5760,private,0xF2F8,0x280
坡,U+5761,private,0xF2F9,0x281
坦,U+5766,private,0xF2FA,0x282
垂,U+5782,private,0xF2FB,0x283
垃,U+5783,private,0xF2FC,0x284
型,U+578B,private,0xF340,0x285
垒,U+5792,private,0xF341,0x286
垫,U+57AB,private,0xF342,0x287
垮,U+57AE,private,0xF343,0x288
埋,U+57CB,private,0xF344,0x289
城,U+57CE,private,0xF345,0x28A
域,U+57DF,private,0xF346,0x28B
培,U+57F9,private,0xF347,0x28C
基,U+57FA,private,0xF348,0x28D
埼,U+57FC,private,0xF349,0x28E
堂,U+5802,private,0xF34A,0x28F
堆,U+5806,private,0xF34B,0x290
堕,U+5815,private,0xF34C,0x291
堤,U+5824,private,0xF34D,0x292
堪,U+582A,private,0xF34E,0x293
堵,U+5835,private,0xF34F,0x294
塌,U+584C,private,0xF350,0x295
塑,U+5851,private,0xF351,0x296
塔,U+5854,private,0xF352,0x297
塞,U+585E,private,0xF353,0x298
填,U+586B,private,0xF354,0x299
塾,U+587E,private,0xF355,0x29A
境,U+5883,private,0xF356,0x29B
墙,U+5899,private,0xF357,0x29C
增,U+589E,private,0xF358,0x29D
壁,U+58C1,private,0xF359,0x29E
士,U+58EB,private,0xF35A,0x29F
壮,U+58EE,private,0xF35B,0x2A0
声,U+58F0,private,0xF35C,0x2A1
壶,U+58F6,private,0xF35D,0x2A2
处,U+5904,private,0xF35E,0x2A3
备,U+5907,private,0xF35F,0x2A4
复,U+590D,private,0xF360,0x2A5
夕,U+5915,private,0xF361,0x2A6
外,U+5916,private,0xF362,0x2A7
多,U+591A,private,0xF363,0x2A8
夜,U+591C,private,0xF364,0x2A9
够,U+591F,private,0xF365,0x2AA
大,U+5927,private,0xF366,0x2AB
天,U+5929,private,0xF367,0x2AC
太,U+592A,private,0xF368,0x2AD
夫,U+592B,private,0xF369,0x2AE
失,U+5931,private,0xF36A,0x2AF
头,U+5934,private,0xF36B,0x2B0
夷,U+5937,private,0xF36C,0x2B1
夸,U+5938,private,0xF36D,0x2B2
夹,U+5939,private,0xF36E,0x2B3
夺,U+593A,private,0xF36F,0x2B4
奇,U+5947,private,0xF370,0x2B5
奈,U+5948,private,0xF371,0x2B6
奉,U+5949,private,0xF372,0x2B7
奋,U+594B,private,0xF373,0x2B8
奏,U+594F,private,0xF374,0x2B9
契,U+5951,private,0xF375,0x2BA
奔,U+5954,private,0xF376,0x2BB
奖,U+5956,private,0xF377,0x2BC
套,U+5957,private,0xF378,0x2BD
奢,U+5962,private,0xF379,0x2BE
奥,U+5965,private,0xF37A,0x2BF
女,U+5973,private,0xF37B,0x2C0
奶,U+5976,private,0xF37C,0x2C1
她,U+5979,private,0xF37D,0x2C2
好,U+597D,private,0xF37E,0x2C3
如,U+5982,private,0xF380,0x2C4
妄,U+5984,private,0xF381,0x2C5
妆,U+5986,private,0xF382,0x2C6
妇,U+5987,private,0xF383,0x2C7
妈,U+5988,private,0xF384,0x2C8
妒,U+5992,private,0xF385,0x2C9
妖,U+5996,private,0xF386,0x2CA
妙,U+5999,private,0xF387,0x2CB
妥,U+59A5,private,0xF388,0x2CC
妨,U+59A8,private,0xF389,0x2CD
妹,U+59B9,private,0xF38A,0x2CE
姆,U+59C6,private,0xF38B,0x2CF
始,U+59CB,private,0xF38C,0x2D0
姐,U+59D0,private,0xF38D,0x2D1
姑,U+59D1,private,0xF38E,0x2D2
姓,U+59D3,private,0xF38F,0x2D3
委,U+59D4,private,0xF390,0x2D4
姥,U+59E5,private,0xF391,0x2D5
姨,U+59E8,private,0xF392,0x2D6
姿,U+59FF,private,0xF393,0x2D7
威,U+5A01,private,0xF394,0x2D8
娃,U+5A03,private,0xF395,0x2D9
娇,U+5A07,private,0xF396,0x2DA
娘,U+5A18,private,0xF397,0x2DB
娱,U+5A31,private,0xF398,0x2DC
娶,U+5A36,private,0xF399,0x2DD
婆,U+5A46,private,0xF39A,0x2DE
婉,U+5A49,private,0xF39B,0x2DF
婚,U+5A5A,private,0xF39C,0x2E0
婴,U+5A74,private,0xF39D,0x2E1
媒,U+5A92,private,0xF39E,0x2E2
媛,U+5A9B,private,0xF39F,0x2E3
嫉,U+5AC9,private,0xF3A0,0x2E4
嫌,U+5ACC,private,0xF3A1,0x2E5
嫩,U+5AE9,private,0xF3A2,0x2E6
子,U+5B50,private,0xF3A3,0x2E7
孔,U+5B54,private,0xF3A4,0x2E8
字,U+5B57,private,0xF3A5,0x2E9
存,U+5B58,private,0xF3A6,0x2EA
季,U+5B63,private,0xF3A7,0x2EB
孤,U+5B64,private,0xF3A8,0x2EC
学,U+5B66,private,0xF3A9,0x2ED
孩,U+5B69,private,0xF3AA,0x2EE
孽,U+5B7D,private,0xF3AB,0x2EF
宁,U+5B81,private,0xF3AC,0x2F0
它,U+5B83,private,0xF3AD,0x2F1
宅,U+5B85,private,0xF3AE,0x2F2
宇,U+5B87,private,0xF3AF,0x2F3
守,U+5B88,private,0xF3B0,0x2F4
安,U+5B89,private,0xF3B1,0x2F5
完,U+5B8C,private,0xF3B2,0x2F6
宏,U+5B8F,private,0xF3B3,0x2F7
官,U+5B98,private,0xF3B4,0x2F8
宙,U+5B99,private,0xF3B5,0x2F9
定,U+5B9A,private,0xF3B6,0x2FA
宜,U+5B9C,private,0xF3B7,0x2FB
宝,U+5B9D,private,0xF3B8,0x2FC
实,U+5B9E,private,0xF3B9,0x2FD
宠,U+5BA0,private,0xF3BA,0x2FE
审,U+5BA1,private,0xF3BB,0x2FF
客,U+5BA2,private,0xF3BC,0x300
宣,U+5BA3,private,0xF3BD,0x301
室,U+5BA4,private,0xF3BE,0x302
宫,U+5BAB,private,0xF3BF,0x303
害,U+5BB3,private,0xF3C0,0x304
宵,U+5BB5,private,0xF3C1,0x305
家,U+5BB6,private,0xF3C2,0x306
容,U+5BB9,private,0xF3C3,0x307
宽,U+5BBD,private,0xF3C4,0x308
宾,U+5BBE,private,0xF3C5,0x309
宿,U+5BBF,private,0xF3C6,0x30A
寂,U+5BC2,private,0xF3C7,0x30B
寄,U+5BC4,private,0xF3C8,0x30C
密,U+5BC6,private,0xF3C9,0x30D
富,U+5BCC,private,0xF3CA,0x30E
寐,U+5BD0,private,0xF3CB,0x30F
寒,U+5BD2,private,0xF3CC,0x310
寞,U+5BDE,private,0xF3CD,0x311
察,U+5BDF,private,0xF3CE,0x312
寡,U+5BE1,private,0xF3CF,0x313
寸,U+5BF8,private,0xF3D0,0x314
对,U+5BF9,private,0xF3D1,0x315
寺,U+5BFA,private,0xF3D2,0x316
寻,U+5BFB,private,0xF3D3,0x317
导,U+5BFC,private,0xF3D4,0x318
寿,U+5BFF,private,0xF3D5,0x319
封,U+5C01,private,0xF3D6,0x31A
将,U+5C06,private,0xF3D7,0x31B
尊,U+5C0A,private,0xF3D8,0x31C
小,U+5C0F,private,0xF3D9,0x31D
少,U+5C11,private,0xF3DA,0x31E
尔,U+5C14,private,0xF3DB,0x31F
尖,U+5C16,private,0xF3DC,0x320
尘,U+5C18,private,0xF3DD,0x321
尚,U+5C1A,private,0xF3DE,0x322
尝,U+5C1D,private,0xF3DF,0x323
尤,U+5C24,private,0xF3E0,0x324
尬,U+5C2C,private,0xF3E1,0x325
就,U+5C31,private,0xF3E2,0x326
尴,U+5C34,private,0xF3E3,0x327
尸,U+5C38,private,0xF3E4,0x328
尼,U+5C3C,private,0xF3E5,0x329
尽,U+5C3D,private,0xF3E6,0x32A
尾,U+5C3E,private,0xF3E7,0x32B
尿,U+5C3F,private,0xF3E8,0x32C
局,U+5C40,private,0xF3E9,0x32D
屁,U+5C41,private,0xF3EA,0x32E
层,U+5C42,private,0xF3EB,0x32F
居,U+5C45,private,0xF3EC,0x330
屈,U+5C48,private,0xF3ED,0x331
届,U+5C4A,private,0xF3EE,0x332
屋,U+5C4B,private,0xF3EF,0x333
屏,U+5C4F,private,0xF3F0,0x334
展,U+5C55,private,0xF3F1,0x335
属,U+5C5E,private,0xF3F2,0x336
山,U+5C71,private,0xF3F3,0x337
屿,U+5C7F,private,0xF3F4,0x338
岁,U+5C81,private,0xF3F5,0x339
岂,U+5C82,private,0xF3F6,0x33A
岐,U+5C90,private,0xF3F7,0x33B
岔,U+5C94,private,0xF3F8,0x33C
岚,U+5C9A,private,0xF3F9,0x33D
岛,U+5C9B,private,0xF3FA,0x33E
岩,U+5CA9,private,0xF3FB,0x33F
岸,U+5CB8,private,0xF3FC,0x340
峡,U+5CE1,private,0xF440,0x341
峦,U+5CE6,private,0xF441,0x342
峰,U+5CF0,private,0xF442,0x343
峻,U+5CFB,private,0xF443,0x344
崇,U+5D07,private,0xF444,0x345
崎,U+5D0E,private,0xF445,0x346
崩,U+5D29,private,0xF446,0x347
崭,U+5D2D,private,0xF447,0x348
巅,U+5DC5,private,0xF448,0x349
巍,U+5DCD,private,0xF449,0x34A
川,U+5DDD,private,0xF44A,0x34B
巡,U+5DE1,private,0xF44B,0x34C
工,U+5DE5,private,0xF44C,0x34D
左,U+5DE6,private,0xF44D,0x34E
巧,U+5DE7,private,0xF44E,0x34F
巨,U+5DE8,private,0xF44F,0x350
巫,U+5DEB,private,0xF450,0x351
差,U+5DEE,private,0xF451,0x352
己,U+5DF1,private,0xF452,0x353
已,U+5DF2,private,0xF453,0x354
巴,U+5DF4,private,0xF454,0x355
巾,U+5DFE,private,0xF455,0x356
市,U+5E02,private,0xF456,0x357
布,U+5E03,private,0xF457,0x358
帅,U+5E05,private,0xF458,0x359
师,U+5E08,private,0xF459,0x35A
希,U+5E0C,private,0xF45A,0x35B
帐,U+5E10,private,0xF45B,0x35C
帕,U+5E15,private,0xF45C,0x35D
帖,U+5E16,private,0xF45D,0x35E
帘,U+5E18,private,0xF45E,0x35F
帝,U+5E1D,private,0xF45F,0x360
带,U+5E26,private,0xF460,0x361
席,U+5E2D,private,0xF461,0x362
帮,U+5E2E,private,0xF462,0x363
帷,U+5E37,private,0xF463,0x364
常,U+5E38,private,0xF464,0x365
帽,U+5E3D,private,0xF465,0x366
幅,U+5E45,private,0xF466,0x367
幕,U+5E55,private,0xF467,0x368
干,U+5E72,private,0xF468,0x369
平,U+5E73,private,0xF469,0x36A
年,U+5E74,private,0xF46A,0x36B
并,U+5E76,private,0xF46B,0x36C
幸,U+5E78,private,0xF46C,0x36D
幻,U+5E7B,private,0xF46D,0x36E
幽,U+5E7D,private,0xF46E,0x36F
广,U+5E7F,private,0xF46F,0x370
庆,U+5E86,private,0xF470,0x371
床,U+5E8A,private,0xF471,0x372
序,U+5E8F,private,0xF472,0x373
库,U+5E93,private,0xF473,0x374
应,U+5E94,private,0xF474,0x375
底,U+5E95,private,0xF475,0x376
店,U+5E97,private,0xF476,0x377
府,U+5E9C,private,0xF477,0x378
废,U+5E9F,private,0xF478,0x379
度,U+5EA6,private,0xF479,0x37A
座,U+5EA7,private,0xF47A,0x37B
庭,U+5EAD,private,0xF47B,0x37C
康,U+5EB7,private,0xF47C,0x37D
延,U+5EF6,private,0xF47D,0x37E
建,U+5EFA,private,0xF47E,0x37F
开,U+5F00,private,0xF480,0x380
异,U+5F02,private,0xF481,0x381
弃,U+5F03,private,0xF482,0x382
弄,U+5F04,private,0xF483,0x383
弊,U+5F0A,private,0xF484,0x384
式,U+5F0F,private,0xF485,0x385
弓,U+5F13,private,0xF486,0x386
引,U+5F15,private,0xF487,0x387
弗,U+5F17,private,0xF488,0x388
弟,U+5F1F,private,0xF489,0x389
张,U+5F20,private,0xF48A,0x38A
弥,U+5F25,private,0xF48B,0x38B
弯,U+5F2F,private,0xF48C,0x38C
弱,U+5F31,private,0xF48D,0x38D
弹,U+5F39,private,0xF48E,0x38E
强,U+5F3A,private,0xF48F,0x38F
归,U+5F52,private,0xF490,0x390
当,U+5F53,private,0xF491,0x391
录,U+5F55,private,0xF492,0x392
彗,U+5F57,private,0xF493,0x393
彡,U+5F61,private,0xF494,0x394
形,U+5F62,private,0xF495,0x395
彩,U+5F69,private,0xF496,0x396
彬,U+5F6C,private,0xF497,0x397
彰,U+5F70,private,0xF498,0x398
影,U+5F71,private,0xF499,0x399
役,U+5F79,private,0xF49A,0x39A
彻,U+5F7B,private,0xF49B,0x39B
彼,U+5F7C,private,0xF49C,0x39C
往,U+5F80,private,0xF49D,0x39D
征,U+5F81,private,0xF49E,0x39E
径,U+5F84,private,0xF49F,0x39F
待,U+5F85,private,0xF4A0,0x3A0
很,U+5F88,private,0xF4A1,0x3A1
律,U+5F8B,private,0xF4A2,0x3A2
徒,U+5F92,private,0xF4A3,0x3A3
得,U+5F97,private,0xF4A4,0x3A4
循,U+5FAA,private,0xF4A5,0x3A5
微,U+5FAE,private,0xF4A6,0x3A6
德,U+5FB7,private,0xF4A7,0x3A7
心,U+5FC3,private,0xF4A8,0x3A8
必,U+5FC5,private,0xF4A9,0x3A9
忆,U+5FC6,private,0xF4AA,0x3AA
忌,U+5FCC,private,0xF4AB,0x3AB
忍,U+5FCD,private,0xF4AC,0x3AC
忐,U+5FD0,private,0xF4AD,0x3AD
忑,U+5FD1,private,0xF4AE,0x3AE
志,U+5FD7,private,0xF4AF,0x3AF
忘,U+5FD8,private,0xF4B0,0x3B0
忙,U+5FD9,private,0xF4B1,0x3B1
忠,U+5FE0,private,0xF4B2,0x3B2
忧,U+5FE7,private,0xF4B3,0x3B3
快,U+5FEB,private,0xF4B4,0x3B4
念,U+5FF5,private,0xF4B5,0x3B5
忽,U+5FFD,private,0xF4B6,0x3B6
怀,U+6000,private,0xF4B7,0x3B7
态,U+6001,private,0xF4B8,0x3B8
怂,U+6002,private,0xF4B9,0x3B9
怎,U+600E,private,0xF4BA,0x3BA
怒,U+6012,private,0xF4BB,0x3BB
怕,U+6015,private,0xF4BC,0x3BC
怖,U+6016,private,0xF4BD,0x3BD
怜,U+601C,private,0xF4BE,0x3BE
思,U+601D,private,0xF4BF,0x3BF
怠,U+6020,private,0xF4C0,0x3C0
急,U+6025,private,0xF4C1,0x3C1
怦,U+6026,private,0xF4C2,0x3C2
性,U+6027,private,0xF4C3,0x3C3
怨,U+6028,private,0xF4C4,0x3C4
怪,U+602A,private,0xF4C5,0x3C5
怯,U+602F,private,0xF4C6,0x3C6
总,U+603B,private,0xF4C7,0x3C7
恋,U+604B,private,0xF4C8,0x3C8
恐,U+6050,private,0xF4C9,0x3C9
恒,U+6052,private,0xF4CA,0x3CA
恕,U+6055,private,0xF4CB,0x3CB
恢,U+6062,private,0xF4CC,0x3CC
恤,U+6064,private,0xF4CD,0x3CD
恨,U+6068,private,0xF4CE,0x3CE
恩,U+6069,private,0xF4CF,0x3CF
恭,U+606D,private,0xF4D0,0x3D0
息,U+606F,private,0xF4D1,0x3D1
恰,U+6070,private,0xF4D2,0x3D2
恳,U+6073,private,0xF4D3,0x3D3
恶,U+6076,private,0xF4D4,0x3D4
恼,U+607C,private,0xF4D5,0x3D5
悄,U+6084,private,0xF4D6,0x3D6
悉,U+6089,private,0xF4D7,0x3D7
悔,U+6094,private,0xF4D8,0x3D8
悟,U+609F,private,0xF4D9,0x3D9
悠,U+60A0,private,0xF4DA,0x3DA
悦,U+60A6,private,0xF4DB,0x3DB
您,U+60A8,private,0xF4DC,0x3DC
悬,U+60AC,private,0xF4DD,0x3DD
悲,U+60B2,private,0xF4DE,0x3DE
悸,U+60B8,private,0xF4DF,0x3DF
情,U+60C5,private,0xF4E0,0x3E0
惊,U+60CA,private,0xF4E1,0x3E1
惑,U+60D1,private,0xF4E2,0x3E2
惕,U+60D5,private,0xF4E3,0x3E3
惜,U+60DC,private,0xF4E4,0x3E4
惠,U+60E0,private,0xF4E5,0x3E5
惦,U+60E6,private,0xF4E6,0x3E6
惧,U+60E7,private,0xF4E7,0x3E7
惨,U+60E8,private,0xF4E8,0x3E8
惩,U+60E9,private,0xF4E9,0x3E9
惬,U+60EC,private,0xF4EA,0x3EA
惯,U+60EF,private,0xF4EB,0x3EB
想,U+60F3,private,0xF4EC,0x3EC
惹,U+60F9,private,0xF4ED,0x3ED
愁,U+6101,private,0xF4EE,0x3EE
愈,U+6108,private,0xF4EF,0x3EF
愉,U+6109,private,0xF4F0,0x3F0
意,U+610F,private,0xF4F1,0x3F1
愛,U+611B,private,0xF4F2,0x3F2
感,U+611F,private,0xF4F3,0x3F3
愣,U+6123,private,0xF4F4,0x3F4
愤,U+6124,private,0xF4F5,0x3F5
愧,U+6127,private,0xF4F6,0x3F6
愿,U+613F,private,0xF4F7,0x3F7
慈,U+6148,private,0xF4F8,0x3F8
慌,U+614C,private,0xF4F9,0x3F9
慎,U+614E,private,0xF4FA,0x3FA
慕,U+6155,private,0xF4FB,0x3FB
慢,U+6162,private,0xF4FC,0x3FC
慰,U+6170,private,0xF540,0x3FD
憋,U+618B,private,0xF541,0x3FE
憧,U+61A7,private,0xF542,0x3FF
憬,U+61AC,private,0xF543,0x400
憾,U+61BE,private,0xF544,0x401
懂,U+61C2,private,0xF545,0x402
懈,U+61C8,private,0xF546,0x403
懊,U+61CA,private,0xF547,0x404
懒,U+61D2,private,0xF548,0x405
懦,U+61E6,private,0xF549,0x406
戏,U+620F,private,0xF54A,0x407
成,U+6210,private,0xF54B,0x408
我,U+6211,private,0xF54C,0x409
戒,U+6212,private,0xF54D,0x40A
或,U+6216,private,0xF54E,0x40B
战,U+6218,private,0xF54F,0x40C
戚,U+621A,private,0xF550,0x40D
截,U+622A,private,0xF551,0x40E
戳,U+6233,private,0xF552,0x40F
戴,U+6234,private,0xF553,0x410
户,U+6237,private,0xF554,0x411
房,U+623F,private,0xF555,0x412
所,U+6240,private,0xF556,0x413
扁,U+6241,private,0xF557,0x414
扇,U+6247,private,0xF558,0x415
扉,U+6249,private,0xF559,0x416
手,U+624B,private,0xF55A,0x417
才,U+624D,private,0xF55B,0x418
扎,U+624E,private,0xF55C,0x419
扑,U+6251,private,0xF55D,0x41A
打,U+6253,private,0xF55E,0x41B
扔,U+6254,private,0xF55F,0x41C
托,U+6258,private,0xF560,0x41D
扛,U+625B,private,0xF561,0x41E
执,U+6267,private,0xF562,0x41F
扩,U+6269,private,0xF563,0x420
扫,U+626B,private,0xF564,0x421
扬,U+626C,private,0xF565,0x422
扭,U+626D,private,0xF566,0x423
扮,U+626E,private,0xF567,0x424
扯,U+626F,private,0xF568,0x425
扰,U+6270,private,0xF569,0x426
扶,U+6276,private,0xF56A,0x427
批,U+6279,private,0xF56B,0x428
找,U+627E,private,0xF56C,0x429
承,U+627F,private,0xF56D,0x42A
技,U+6280,private,0xF56E,0x42B
抄,U+6284,private,0xF56F,0x42C
把,U+628A,private,0xF570,0x42D
抑,U+6291,private,0xF571,0x42E
抓,U+6293,private,0xF572,0x42F
投,U+6295,private,0xF573,0x430
抖,U+6296,private,0xF574,0x431
抗,U+6297,private,0xF575,0x432
折,U+6298,private,0xF576,0x433
抚,U+629A,private,0xF577,0x434
抛,U+629B,private,0xF578,0x435
抢,U+62A2,private,0xF579,0x436
护,U+62A4,private,0xF57A,0x437
报,U+62A5,private,0xF57B,0x438
披,U+62AB,private,0xF57C,0x439
抬,U+62AC,private,0xF57D,0x43A
抱,U+62B1,private,0xF57E,0x43B
抹,U+62B9,private,0xF580,0x43C
抽,U+62BD,private,0xF581,0x43D
担,U+62C5,private,0xF582,0x43E
拉,U+62C9,private,0xF583,0x43F
拌,U+62CC,private,0xF584,0x440
拍,U+62CD,private,0xF585,0x441
拐,U+62D0,private,0xF586,0x442
拒,U+62D2,private,0xF587,0x443
拓,U+62D3,private,0xF588,0x444
拔,U+62D4,private,0xF589,0x445
拖,U+62D6,private,0xF58A,0x446
拘,U+62D8,private,0xF58B,0x447
拙,U+62D9,private,0xF58C,0x448
招,U+62DB,private,0xF58D,0x449
拜,U+62DC,private,0xF58E,0x44A
拥,U+62E5,private,0xF58F,0x44B
拦,U+62E6,private,0xF590,0x44C
拨,U+62E8,private,0xF591,0x44D
择,U+62E9,private,0xF592,0x44E
括,U+62EC,private,0xF593,0x44F
拯,U+62EF,private,0xF594,0x450
拳,U+62F3,private,0xF595,0x451
拼,U+62FC,private,0xF596,0x452
拽,U+62FD,private,0xF597,0x453
拾,U+62FE,private,0xF598,0x454
拿,U+62FF,private,0xF599,0x455
持,U+6301,private,0xF59A,0x456
挂,U+6302,private,0xF59B,0x457
指,U+6307,private,0xF59C,0x458
按,U+6309,private,0xF59D,0x459
挑,U+6311,private,0xF59E,0x45A
挖,U+6316,private,0xF59F,0x45B
挠,U+6320,private,0xF5A0,0x45C
挡,U+6321,private,0xF5A1,0x45D
挣,U+6323,private,0xF5A2,0x45E
挤,U+6324,private,0xF5A3,0x45F
挥,U+6325,private,0xF5A4,0x460
挨,U+6328,private,0xF5A5,0x461
挫,U+632B,private,0xF5A6,0x462
振,U+632F,private,0xF5A7,0x463
挺,U+633A,private,0xF5A8,0x464
挽,U+633D,private,0xF5A9,0x465
捏,U+634F,private,0xF5AA,0x466
捐,U+6350,private,0xF5AB,0x467
捕,U+6355,private,0xF5AC,0x468
损,U+635F,private,0xF5AD,0x469
换,U+6362,private,0xF5AE,0x46A
捣,U+6363,private,0xF5AF,0x46B
捧,U+6367,private,0xF5B0,0x46C
据,U+636E,private,0xF5B1,0x46D
捶,U+6376,private,0xF5B2,0x46E
捷,U+6377,private,0xF5B3,0x46F
捺,U+637A,private,0xF5B4,0x470
掀,U+6380,private,0xF5B5,0x471
授,U+6388,private,0xF5B6,0x472
掉,U+6389,private,0xF5B7,0x473
掌,U+638C,private,0xF5B8,0x474
掐,U+6390,private,0xF5B9,0x475
排,U+6392,private,0xF5BA,0x476
掘,U+6398,private,0xF5BB,0x477
探,U+63A2,private,0xF5BC,0x478
接,U+63A5,private,0xF5BD,0x479
控,U+63A7,private,0xF5BE,0x47A
推,U+63A8,private,0xF5BF,0x47B
掰,U+63B0,private,0xF5C0,0x47C
掳,U+63B3,private,0xF5C1,0x47D
掷,U+63B7,private,0xF5C2,0x47E
揉,U+63C9,private,0xF5C3,0x47F
揍,U+63CD,private,0xF5C4,0x480
描,U+63CF,private,0xF5C5,0x481
提,U+63D0,private,0xF5C6,0x482
插,U+63D2,private,0xF5C7,0x483
握,U+63E1,private,0xF5C8,0x484
揣,U+63E3,private,0xF5C9,0x485
揭,U+63ED,private,0xF5CA,0x486
援,U+63F4,private,0xF5CB,0x487
揽,U+63FD,private,0xF5CC,0x488
搁,U+6401,private,0xF5CD,0x489
搅,U+6405,private,0xF5CE,0x48A
搏,U+640F,private,0xF5CF,0x48B
搓,U+6413,private,0xF5D0,0x48C
搜,U+641C,private,0xF5D1,0x48D
搞,U+641E,private,0xF5D2,0x48E
搬,U+642C,private,0xF5D3,0x48F
搭,U+642D,private,0xF5D4,0x490
携,U+643A,private,0xF5D5,0x491
摁,U+6441,private,0xF5D6,0x492
摄,U+6444,private,0xF5D7,0x493
摆,U+6446,private,0xF5D8,0x494
摇,U+6447,private,0xF5D9,0x495
摊,U+644A,private,0xF5DA,0x496
摔,U+6454,private,0xF5DB,0x497
摘,U+6458,private,0xF5DC,0x498
摩,U+6469,private,0xF5DD,0x499
摸,U+6478,private,0xF5DE,0x49A
撑,U+6491,private,0xF5DF,0x49B
撒,U+6492,private,0xF5E0,0x49C
撞,U+649E,private,0xF5E1,0x49D
撤,U+64A4,private,0xF5E2,0x49E
播,U+64AD,private,0xF5E3,0x49F
撼,U+64BC,private,0xF5E4,0x4A0
擅,U+64C5,private,0xF5E5,0x4A1
操,U+64CD,private,0xF5E6,0x4A2
擦,U+64E6,private,0xF5E7,0x4A3
攒,U+6512,private,0xF5E8,0x4A4
支,U+652F,private,0xF5E9,0x4A5
收,U+6536,private,0xF5EA,0x4A6
攸,U+6538,private,0xF5EB,0x4A7
改,U+6539,private,0xF5EC,0x4A8
攻,U+653B,private,0xF5ED,0x4A9
放,U+653E,private,0xF5EE,0x4AA
故,U+6545,private,0xF5EF,0x4AB
效,U+6548,private,0xF5F0,0x4AC
敌,U+654C,private,0xF5F1,0x4AD
敏,U+654F,private,0xF5F2,0x4AE
救,U+6551,private,0xF5F3,0x4AF
教,U+6559,private,0xF5F4,0x4B0
敞,U+655E,private,0xF5F5,0x4B1
敢,U+6562,private,0xF5F6,0x4B2
散,U+6563,private,0xF5F7,0x4B3
敬,U+656C,private,0xF5F8,0x4B4
数,U+6570,private,0xF5F9,0x4B5
敲,U+6572,private,0xF5FA,0x4B6
整,U+6574,private,0xF5FB,0x4B7
敷,U+6577,private,0xF5FC,0x4B8
文,U+6587,private,0xF640,0x4B9
斗,U+6597,private,0xF641,0x4BA
料,U+6599,private,0xF642,0x4BB
斥,U+65A5,private,0xF643,0x4BC
断,U+65AD,private,0xF644,0x4BD
斯,U+65AF,private,0xF645,0x4BE
新,U+65B0,private,0xF646,0x4BF
方,U+65B9,private,0xF647,0x4C0
施,U+65BD,private,0xF648,0x4C1
旁,U+65C1,private,0xF649,0x4C2
旅,U+65C5,private,0xF64A,0x4C3
旋,U+65CB,private,0xF64B,0x4C4
族,U+65CF,private,0xF64C,0x4C5
旗,U+65D7,private,0xF64D,0x4C6
无,U+65E0,private,0xF64E,0x4C7
既,U+65E2,private,0xF64F,0x4C8
日,U+65E5,private,0xF650,0x4C9
旦,U+65E6,private,0xF651,0x4CA
旧,U+65E7,private,0xF652,0x4CB
早,U+65E9,private,0xF653,0x4CC
时,U+65F6,private,0xF654,0x4CD
旺,U+65FA,private,0xF655,0x4CE
昂,U+6602,private,0xF656,0x4CF
昆,U+6606,private,0xF657,0x4D0
明,U+660E,private,0xF658,0x4D1
昏,U+660F,private,0xF659,0x4D2
易,U+6613,private,0xF65A,0x4D3
昔,U+6614,private,0xF65B,0x4D4
星,U+661F,private,0xF65C,0x4D5
映,U+6620,private,0xF65D,0x4D6
春,U+6625,private,0xF65E,0x4D7
昧,U+6627,private,0xF65F,0x4D8
昨,U+6628,private,0xF660,0x4D9
是,U+662F,private,0xF661,0x4DA
显,U+663E,private,0xF662,0x4DB
晃,U+6643,private,0xF663,0x4DC
晋,U+664B,private,0xF664,0x4DD
晒,U+6652,private,0xF665,0x4DE
晓,U+6653,private,0xF666,0x4DF
晕,U+6655,private,0xF667,0x4E0
晚,U+665A,private,0xF668,0x4E1
晨,U+6668,private,0xF669,0x4E2
普,U+666E,private,0xF66A,0x4E3
景,U+666F,private,0xF66B,0x4E4
晰,U+6670,private,0xF66C,0x4E5
晴,U+6674,private,0xF66D,0x4E6
晶,U+6676,private,0xF66E,0x4E7
智,U+667A,private,0xF66F,0x4E8
暂,U+6682,private,0xF670,0x4E9
暖,U+6696,private,0xF671,0x4EA
暗,U+6697,private,0xF672,0x4EB
暴,U+66B4,private,0xF673,0x4EC
曲,U+66F2,private,0xF674,0x4ED
更,U+66F4,private,0xF675,0x4EE
曼,U+66FC,private,0xF676,0x4EF
曾,U+66FE,private,0xF677,0x4F0
替,U+66FF,private,0xF678,0x4F1
最,U+6700,private,0xF679,0x4F2
月,U+6708,private,0xF67A,0x4F3
有,U+6709,private,0xF67B,0x4F4
朋,U+670B,private,0xF67C,0x4F5
服,U+670D,private,0xF67D,0x4F6
朗,U+6717,private,0xF67E,0x4F7
望,U+671B,private,0xF680,0x4F8
朝,U+671D,private,0xF681,0x4F9
期,U+671F,private,0xF682,0x4FA
木,U+6728,private,0xF683,0x4FB
未,U+672A,private,0xF684,0x4FC
末,U+672B,private,0xF685,0x4FD
本,U+672C,private,0xF686,0x4FE
术,U+672F,private,0xF687,0x4FF
朴,U+6734,private,0xF688,0x500
朵,U+6735,private,0xF689,0x501
机,U+673A,private,0xF68A,0x502
杀,U+6740,private,0xF68B,0x503
杂,U+6742,private,0xF68C,0x504
权,U+6743,private,0xF68D,0x505
杉,U+6749,private,0xF68E,0x506
材,U+6750,private,0xF68F,0x507
村,U+6751,private,0xF690,0x508
杜,U+675C,private,0xF691,0x509
束,U+675F,private,0xF692,0x50A
条,U+6761,private,0xF693,0x50B
来,U+6765,private,0xF694,0x50C
杯,U+676F,private,0xF695,0x50D
杰,U+6770,private,0xF696,0x50E
松,U+677E,private,0xF697,0x50F
板,U+677F,private,0xF698,0x510
极,U+6781,private,0xF699,0x511
构,U+6784,private,0xF69A,0x512
枉,U+6789,private,0xF69B,0x513
析,U+6790,private,0xF69C,0x514
林,U+6797,private,0xF69D,0x515
枚,U+679A,private,0xF69E,0x516
果,U+679C,private,0xF69F,0x517
枝,U+679D,private,0xF6A0,0x518
枪,U+67AA,private,0xF6A1,0x519
枫,U+67AB,private,0xF6A2,0x51A
架,U+67B6,private,0xF6A3,0x51B
柄,U+67C4,private,0xF6A4,0x51C
柏,U+67CF,private,0xF6A5,0x51D
某,U+67D0,private,0xF6A6,0x51E
柑,U+67D1,private,0xF6A7,0x51F
染,U+67D3,private,0xF6A8,0x520
柔,U+67D4,private,0xF6A9,0x521
柜,U+67DC,private,0xF6AA,0x522
柠,U+67E0,private,0xF6AB,0x523
查,U+67E5,private,0xF6AC,0x524
柱,U+67F1,private,0xF6AD,0x525
柴,U+67F4,private,0xF6AE,0x526
栃,U+6803,private,0xF6AF,0x527
标,U+6807,private,0xF6B0,0x528
栋,U+680B,private,0xF6B1,0x529
树,U+6811,private,0xF6B2,0x52A
校,U+6821,private,0xF6B3,0x52B
样,U+6837,private,0xF6B4,0x52C
核,U+6838,private,0xF6B5,0x52D
根,U+6839,private,0xF6B6,0x52E
格,U+683C,private,0xF6B7,0x52F
栽,U+683D,private,0xF6B8,0x530
桃,U+6843,private,0xF6B9,0x531
框,U+6846,private,0xF6BA,0x532
案,U+6848,private,0xF6BB,0x533
桌,U+684C,private,0xF6BC,0x534
桑,U+6851,private,0xF6BD,0x535
档,U+6863,private,0xF6BE,0x536
桥,U+6865,private,0xF6BF,0x537
桧,U+6867,private,0xF6C0,0x538
梁,U+6881,private,0xF6C1,0x539
梅,U+6885,private,0xF6C2,0x53A
梓,U+6893,private,0xF6C3,0x53B
梢,U+68A2,private,0xF6C4,0x53C
梦,U+68A6,private,0xF6C5,0x53D
梨,U+68A8,private,0xF6C6,0x53E
梭,U+68AD,private,0xF6C7,0x53F
梯,U+68AF,private,0xF6C8,0x540
检,U+68C0,private,0xF6C9,0x541
棉,U+68C9,private,0xF6CA,0x542
棍,U+68CD,private,0xF6CB,0x543
棒,U+68D2,private,0xF6CC,0x544
棚,U+68DA,private,0xF6CD,0x545
森,U+68EE,private,0xF6CE,0x546
棱,U+68F1,private,0xF6CF,0x547
植,U+690D,private,0xF6D0,0x548
椎,U+690E,private,0xF6D1,0x549
椒,U+6912,private,0xF6D2,0x54A
楚,U+695A,private,0xF6D3,0x54B
楠,U+6960,private,0xF6D4,0x54C
楼,U+697C,private,0xF6D5,0x54D
概,U+6982,private,0xF6D6,0x54E
榄,U+6984,private,0xF6D7,0x54F
榜,U+699C,private,0xF6D8,0x550
榻,U+69BB,private,0xF6D9,0x551
槻,U+69FB,private,0xF6DA,0x552
槽,U+69FD,private,0xF6DB,0x553
槿,U+69FF,private,0xF6DC,0x554
樟,U+6A1F,private,0xF6DD,0x555
模,U+6A21,private,0xF6DE,0x556
横,U+6A2A,private,0xF6DF,0x557
樫,U+6A2B,private,0xF6E0,0x558
樱,U+6A31,private,0xF6E1,0x559
橄,U+6A44,private,0xF6E2,0x55A
橘,U+6A58,private,0xF6E3,0x55B
檬,U+6AAC,private,0xF6E4,0x55C
欠,U+6B20,private,0xF6E5,0x55D
次,U+6B21,private,0xF6E6,0x55E
欢,U+6B22,private,0xF6E7,0x55F
欣,U+6B23,private,0xF6E8,0x560
欲,U+6B32,private,0xF6E9,0x561
欸,U+6B38,private,0xF6EA,0x562
欺,U+6B3A,private,0xF6EB,0x563
款,U+6B3E,private,0xF6EC,0x564
歉,U+6B49,private,0xF6ED,0x565
歌,U+6B4C,private,0xF6EE,0x566
止,U+6B62,private,0xF6EF,0x567
正,U+6B63,private,0xF6F0,0x568
此,U+6B64,private,0xF6F1,0x569
步,U+6B65,private,0xF6F2,0x56A
武,U+6B66,private,0xF6F3,0x56B
歧,U+6B67,private,0xF6F4,0x56C
歩,U+6B69,private,0xF6F5,0x56D
歪,U+6B6A,private,0xF6F6,0x56E
歹,U+6B79,private,0xF6F7,0x56F
死,U+6B7B,private,0xF6F8,0x570
殊,U+6B8A,private,0xF6F9,0x571
段,U+6BB5,private,0xF6FA,0x572
毁,U+6BC1,private,0xF6FB,0x573
母,U+6BCD,private,0xF6FC,0x574
每,U+6BCF,private,0xF740,0x575
毒,U+6BD2,private,0xF741,0x576
比,U+6BD4,private,0xF742,0x577
毕,U+6BD5,private,0xF743,0x578
毛,U+6BDB,private,0xF744,0x579
毫,U+6BEB,private,0xF745,0x57A
氏,U+6C0F,private,0xF746,0x57B
民,U+6C11,private,0xF747,0x57C
氓,U+6C13,private,0xF748,0x57D
气,U+6C14,private,0xF749,0x57E
氛,U+6C1B,private,0xF74A,0x57F
水,U+6C34,private,0xF74B,0x580
永,U+6C38,private,0xF74C,0x581
汁,U+6C41,private,0xF74D,0x582
求,U+6C42,private,0xF74E,0x583
汇,U+6C47,private,0xF74F,0x584
汉,U+6C49,private,0xF750,0x585
汗,U+6C57,private,0xF751,0x586
池,U+6C60,private,0xF752,0x587
污,U+6C61,private,0xF753,0x588
汤,U+6C64,private,0xF754,0x589
汰,U+6C70,private,0xF755,0x58A
汹,U+6C79,private,0xF756,0x58B
沁,U+6C81,private,0xF757,0x58C
沉,U+6C89,private,0xF758,0x58D
沐,U+6C90,private,0xF759,0x58E
沙,U+6C99,private,0xF75A,0x58F
沟,U+6C9F,private,0xF75B,0x590
没,U+6CA1,private,0xF75C,0x591
沮,U+6CAE,private,0xF75D,0x592
河,U+6CB3,private,0xF75E,0x593
沸,U+6CB8,private,0xF75F,0x594
油,U+6CB9,private,0xF760,0x595
治,U+6CBB,private,0xF761,0x596
沼,U+6CBC,private,0xF762,0x597
沾,U+6CBE,private,0xF763,0x598
沿,U+6CBF,private,0xF764,0x599
泄,U+6CC4,private,0xF765,0x59A
泉,U+6CC9,private,0xF766,0x59B
法,U+6CD5,private,0xF767,0x59C
泛,U+6CDB,private,0xF768,0x59D
泡,U+6CE1,private,0xF769,0x59E
波,U+6CE2,private,0xF76A,0x59F
泣,U+6CE3,private,0xF76B,0x5A0
泥,U+6CE5,private,0xF76C,0x5A1
注,U+6CE8,private,0xF76D,0x5A2
泪,U+6CEA,private,0xF76E,0x5A3
泳,U+6CF3,private,0xF76F,0x5A4
泼,U+6CFC,private,0xF770,0x5A5
泽,U+6CFD,private,0xF771,0x5A6
洁,U+6D01,private,0xF772,0x5A7
洋,U+6D0B,private,0xF773,0x5A8
洒,U+6D12,private,0xF774,0x5A9
洗,U+6D17,private,0xF775,0x5AA
洞,U+6D1E,private,0xF776,0x5AB
津,U+6D25,private,0xF777,0x5AC
洲,U+6D32,private,0xF778,0x5AD
活,U+6D3B,private,0xF779,0x5AE
派,U+6D3E,private,0xF77A,0x5AF
流,U+6D41,private,0xF77B,0x5B0
浇,U+6D47,private,0xF77C,0x5B1
测,U+6D4B,private,0xF77D,0x5B2
济,U+6D4E,private,0xF77E,0x5B3
浏,U+6D4F,private,0xF780,0x5B4
浑,U+6D51,private,0xF781,0x5B5
浓,U+6D53,private,0xF782,0x5B6
浦,U+6D66,private,0xF783,0x5B7
浩,U+6D69,private,0xF784,0x5B8
浪,U+6D6A,private,0xF785,0x5B9
浮,U+6D6E,private,0xF786,0x5BA
浴,U+6D74,private,0xF787,0x5BB
海,U+6D77,private,0xF788,0x5BC
浸,U+6D78,private,0xF789,0x5BD
涂,U+6D82,private,0xF78A,0x5BE
消,U+6D88,private,0xF78B,0x5BF
涉,U+6D89,private,0xF78C,0x5C0
涌,U+6D8C,private,0xF78D,0x5C1
涕,U+6D95,private,0xF78E,0x5C2
涟,U+6D9F,private,0xF78F,0x5C3
涡,U+6DA1,private,0xF790,0x5C4
润,U+6DA6,private,0xF791,0x5C5
涨,U+6DA8,private,0xF792,0x5C6
涩,U+6DA9,private,0xF793,0x5C7
涯,U+6DAF,private,0xF794,0x5C8
液,U+6DB2,private,0xF795,0x5C9
涵,U+6DB5,private,0xF796,0x5CA
淇,U+6DC7,private,0xF797,0x5CB
淋,U+6DCB,private,0xF798,0x5CC
淌,U+6DCC,private,0xF799,0x5CD
淑,U+6DD1,private,0xF79A,0x5CE
淘,U+6DD8,private,0xF79B,0x5CF
淡,U+6DE1,private,0xF79C,0x5D0
深,U+6DF1,private,0xF79D,0x5D1
混,U+6DF7,private,0xF79E,0x5D2
淹,U+6DF9,private,0xF79F,0x5D3
添,U+6DFB,private,0xF7A0,0x5D4
清,U+6E05,private,0xF7A1,0x5D5
渊,U+6E0A,private,0xF7A2,0x5D6
渍,U+6E0D,private,0xF7A3,0x5D7
渐,U+6E10,private,0xF7A4,0x5D8
渔,U+6E14,private,0xF7A5,0x5D9
渗,U+6E17,private,0xF7A6,0x5DA
渡,U+6E21,private,0xF7A7,0x5DB
温,U+6E29,private,0xF7A8,0x5DC
港,U+6E2F,private,0xF7A9,0x5DD
渴,U+6E34,private,0xF7AA,0x5DE
游,U+6E38,private,0xF7AB,0x5DF
渺,U+6E3A,private,0xF7AC,0x5E0
湛,U+6E5B,private,0xF7AD,0x5E1
湿,U+6E7F,private,0xF7AE,0x5E2
源,U+6E90,private,0xF7AF,0x5E3
溜,U+6E9C,private,0xF7B0,0x5E4
溢,U+6EA2,private,0xF7B1,0x5E5
溺,U+6EBA,private,0xF7B2,0x5E6
滋,U+6ECB,private,0xF7B3,0x5E7
滑,U+6ED1,private,0xF7B4,0x5E8
滚,U+6EDA,private,0xF7B5,0x5E9
滞,U+6EDE,private,0xF7B6,0x5EA
满,U+6EE1,private,0xF7B7,0x5EB
滨,U+6EE8,private,0xF7B8,0x5EC
滩,U+6EE9,private,0xF7B9,0x5ED
滴,U+6EF4,private,0xF7BA,0x5EE
漂,U+6F02,private,0xF7BB,0x5EF
漆,U+6F06,private,0xF7BC,0x5F0
漏,U+6F0F,private,0xF7BD,0x5F1
演,U+6F14,private,0xF7BE,0x5F2
漩,U+6F29,private,0xF7BF,0x5F3
漪,U+6F2A,private,0xF7C0,0x5F4
漫,U+6F2B,private,0xF7C1,0x5F5
漱,U+6F31,private,0xF7C2,0x5F6
潘,U+6F58,private,0xF7C3,0x5F7
潜,U+6F5C,private,0xF7C4,0x5F8
潟,U+6F5F,private,0xF7C5,0x5F9
潮,U+6F6E,private,0xF7C6,0x5FA
澄,U+6F84,private,0xF7C7,0x5FB
澈,U+6F88,private,0xF7C8,0x5FC
澜,U+6F9C,private,0xF7C9,0x5FD
澡,U+6FA1,private,0xF7CA,0x5FE
激,U+6FC0,private,0xF7CB,0x5FF
濑,U+6FD1,private,0xF7CC,0x600
瀑,U+7011,private,0xF7CD,0x601
灌,U+704C,private,0xF7CE,0x602
火,U+706B,private,0xF7CF,0x603
灭,U+706D,private,0xF7D0,0x604
灯,U+706F,private,0xF7D1,0x605
灰,U+7070,private,0xF7D2,0x606
灵,U+7075,private,0xF7D3,0x607
灾,U+707E,private,0xF7D4,0x608
灿,U+707F,private,0xF7D5,0x609
炉,U+7089,private,0xF7D6,0x60A
炒,U+7092,private,0xF7D7,0x60B
炖,U+7096,private,0xF7D8,0x60C
炫,U+70AB,private,0xF7D9,0x60D
炭,U+70AD,private,0xF7DA,0x60E
炸,U+70B8,private,0xF7DB,0x60F
点,U+70B9,private,0xF7DC,0x610
炼,U+70BC,private,0xF7DD,0x611
烁,U+70C1,private,0xF7DE,0x612
烂,U+70C2,private,0xF7DF,0x613
烈,U+70C8,private,0xF7E0,0x614
烘,U+70D8,private,0xF7E1,0x615
烙,U+70D9,private,0xF7E2,0x616
烟,U+70DF,private,0xF7E3,0x617
烤,U+70E4,private,0xF7E4,0x618
烦,U+70E6,private,0xF7E5,0x619
烧,U+70E7,private,0xF7E6,0x61A
烫,U+70EB,private,0xF7E7,0x61B
热,U+70ED,private,0xF7E8,0x61C
烹,U+70F9,private,0xF7E9,0x61D
焕,U+7115,private,0xF7EA,0x61E
焦,U+7126,private,0xF7EB,0x61F
焰,U+7130,private,0xF7EC,0x620
然,U+7136,private,0xF7ED,0x621
煌,U+714C,private,0xF7EE,0x622
煤,U+7164,private,0xF7EF,0x623
照,U+7167,private,0xF7F0,0x624
煮,U+716E,private,0xF7F1,0x625
熊,U+718A,private,0xF7F2,0x626
熟,U+719F,private,0xF7F3,0x627
熬,U+71AC,private,0xF7F4,0x628
燃,U+71C3,private,0xF7F5,0x629
燕,U+71D5,private,0xF7F6,0x62A
爆,U+7206,private,0xF7F7,0x62B
爪,U+722A,private,0xF7F8,0x62C
爬,U+722C,private,0xF7F9,0x62D
爱,U+7231,private,0xF7FA,0x62E
爵,U+7235,private,0xF7FB,0x62F
父,U+7236,private,0xF7FC,0x630
爷,U+7237,private,0xF840,0x631
爸,U+7238,private,0xF841,0x632
爽,U+723D,private,0xF842,0x633
片,U+7247,private,0xF843,0x634
版,U+7248,private,0xF844,0x635
牌,U+724C,private,0xF845,0x636
牙,U+7259,private,0xF846,0x637
牛,U+725B,private,0xF847,0x638
牢,U+7262,private,0xF848,0x639
物,U+7269,private,0xF849,0x63A
牲,U+7272,private,0xF84A,0x63B
牵,U+7275,private,0xF84B,0x63C
特,U+7279,private,0xF84C,0x63D
牺,U+727A,private,0xF84D,0x63E
犀,U+7280,private,0xF84E,0x63F
犬,U+72AC,private,0xF84F,0x640
犯,U+72AF,private,0xF850,0x641
状,U+72B6,private,0xF851,0x642
犹,U+72B9,private,0xF852,0x643
狂,U+72C2,private,0xF853,0x644
狐,U+72D0,private,0xF854,0x645
狗,U+72D7,private,0xF855,0x646
狠,U+72E0,private,0xF856,0x647
狡,U+72E1,private,0xF857,0x648
狩,U+72E9,private,0xF858,0x649
独,U+72EC,private,0xF859,0x64A
狭,U+72ED,private,0xF85A,0x64B
狮,U+72EE,private,0xF85B,0x64C
狱,U+72F1,private,0xF85C,0x64D
狸,U+72F8,private,0xF85D,0x64E
猎,U+730E,private,0xF85E,0x64F
猕,U+7315,private,0xF85F,0x650
猛,U+731B,private,0xF860,0x651
猜,U+731C,private,0xF861,0x652
猪,U+732A,private,0xF862,0x653
猫,U+732B,private,0xF863,0x654
献,U+732E,private,0xF864,0x655
猴,U+7334,private,0xF865,0x656
猾,U+733E,private,0xF866,0x657
玄,U+7384,private,0xF867,0x658
率,U+7387,private,0xF868,0x659
玉,U+7389,private,0xF869,0x65A
王,U+738B,private,0xF86A,0x65B
玩,U+73A9,private,0xF86B,0x65C
玫,U+73AB,private,0xF86C,0x65D
环,U+73AF,private,0xF86D,0x65E
现,U+73B0,private,0xF86E,0x65F
玲,U+73B2,private,0xF86F,0x660
玻,U+73BB,private,0xF870,0x661
珍,U+73CD,private,0xF871,0x662
珑,U+73D1,private,0xF872,0x663
珠,U+73E0,private,0xF873,0x664
班,U+73ED,private,0xF874,0x665
球,U+7403,private,0xF875,0x666
理,U+7406,private,0xF876,0x667
琉,U+7409,private,0xF877,0x668
琐,U+7410,private,0xF878,0x669
琢,U+7422,private,0xF879,0x66A
瑰,U+7470,private,0xF87A,0x66B
璀,U+7480,private,0xF87B,0x66C
璃,U+7483,private,0xF87C,0x66D
璨,U+74A8,private,0xF87D,0x66E
瓜,U+74DC,private,0xF87E,0x66F
瓢,U+74E2,private,0xF880,0x670
瓣,U+74E3,private,0xF881,0x671
瓶,U+74F6,private,0xF882,0x672
甘,U+7518,private,0xF883,0x673
甚,U+751A,private,0xF884,0x674
甜,U+751C,private,0xF885,0x675
生,U+751F,private,0xF886,0x676
用,U+7528,private,0xF887,0x677
甩,U+7529,private,0xF888,0x678
田,U+7530,private,0xF889,0x679
由,U+7531,private,0xF88A,0x67A
甲,U+7532,private,0xF88B,0x67B
申,U+7533,private,0xF88C,0x67C
电,U+7535,private,0xF88D,0x67D
男,U+7537,private,0xF88E,0x67E
画,U+753B,private,0xF88F,0x67F
畅,U+7545,private,0xF890,0x680
界,U+754C,private,0xF891,0x681
畏,U+754F,private,0xF892,0x682
留,U+7559,private,0xF893,0x683
略,U+7565,private,0xF894,0x684
番,U+756A,private,0xF895,0x685
疏,U+758F,private,0xF896,0x686
疑,U+7591,private,0xF897,0x687
疙,U+7599,private,0xF898,0x688
疯,U+75AF,private,0xF899,0x689
疲,U+75B2,private,0xF89A,0x68A
疼,U+75BC,private,0xF89B,0x68B
疾,U+75BE,private,0xF89C,0x68C
病,U+75C5,private,0xF89D,0x68D
症,U+75C7,private,0xF89E,0x68E
痒,U+75D2,private,0xF89F,0x68F
痛,U+75DB,private,0xF8A0,0x690
瘦,U+7626,private,0xF8A1,0x691
瘩,U+7629,private,0xF8A2,0x692
瘫,U+762B,private,0xF8A3,0x693
瘾,U+763E,private,0xF8A4,0x694
癖,U+7656,private,0xF8A5,0x695
登,U+767B,private,0xF8A6,0x696
白,U+767D,private,0xF8A7,0x697
百,U+767E,private,0xF8A8,0x698
的,U+7684,private,0xF8A9,0x699
皆,U+7686,private,0xF8AA,0x69A
皎,U+768E,private,0xF8AB,0x69B
皮,U+76AE,private,0xF8AC,0x69C
皱,U+76B1,private,0xF8AD,0x69D
盆,U+76C6,private,0xF8AE,0x69E
盈,U+76C8,private,0xF8AF,0x69F
益,U+76CA,private,0xF8B0,0x6A0
监,U+76D1,private,0xF8B1,0x6A1
盒,U+76D2,private,0xF8B2,0x6A2
盖,U+76D6,private,0xF8B3,0x6A3
盗,U+76D7,private,0xF8B4,0x6A4
盘,U+76D8,private,0xF8B5,0x6A5
盛,U+76DB,private,0xF8B6,0x6A6
目,U+76EE,private,0xF8B7,0x6A7
盯,U+76EF,private,0xF8B8,0x6A8
盲,U+76F2,private,0xF8B9,0x6A9
直,U+76F4,private,0xF8BA,0x6AA
相,U+76F8,private,0xF8BB,0x6AB
盼,U+76FC,private,0xF8BC,0x6AC
省,U+7701,private,0xF8BD,0x6AD
眉,U+7709,private,0xF8BE,0x6AE
看,U+770B,private,0xF8BF,0x6AF
真,U+771F,private,0xF8C0,0x6B0
眠,U+7720,private,0xF8C1,0x6B1
眨,U+7728,private,0xF8C2,0x6B2
眩,U+7729,private,0xF8C3,0x6B3
眯,U+772F,private,0xF8C4,0x6B4
眺,U+773A,private,0xF8C5,0x6B5
眼,U+773C,private,0xF8C6,0x6B6
着,U+7740,private,0xF8C7,0x6B7
睛,U+775B,private,0xF8C8,0x6B8
睡,U+7761,private,0xF8C9,0x6B9
督,U+7763,private,0xF8CA,0x6BA
睦,U+7766,private,0xF8CB,0x6BB
睹,U+7779,private,0xF8CC,0x6BC
瞄,U+7784,private,0xF8CD,0x6BD
瞎,U+778E,private,0xF8CE,0x6BE
瞒,U+7792,private,0xF8CF,0x6BF
瞟,U+779F,private,0xF8D0,0x6C0
瞥,U+77A5,private,0xF8D1,0x6C1
瞧,U+77A7,private,0xF8D2,0x6C2
瞩,U+77A9,private,0xF8D3,0x6C3
瞪,U+77AA,private,0xF8D4,0x6C4
瞬,U+77AC,private,0xF8D5,0x6C5
瞰,U+77B0,private,0xF8D6,0x6C6
瞳,U+77B3,private,0xF8D7,0x6C7
知,U+77E5,private,0xF8D8,0x6C8
短,U+77ED,private,0xF8D9,0x6C9
矮,U+77EE,private,0xF8DA,0x6CA
石,U+77F3,private,0xF8DB,0x6CB
矿,U+77FF,private,0xF8DC,0x6CC
码,U+7801,private,0xF8DD,0x6CD
研,U+7814,private,0xF8DE,0x6CE
砰,U+7830,private,0xF8DF,0x6CF
破,U+7834,private,0xF8E0,0x6D0
砸,U+7838,private,0xF8E1,0x6D1
砺,U+783A,private,0xF8E2,0x6D2
础,U+7840,private,0xF8E3,0x6D3
硬,U+786C,private,0xF8E4,0x6D4
确,U+786E,private,0xF8E5,0x6D5
碌,U+788C,private,0xF8E6,0x6D6
碍,U+788D,private,0xF8E7,0x6D7
碎,U+788E,private,0xF8E8,0x6D8
碗,U+7897,private,0xF8E9,0x6D9
碰,U+78B0,private,0xF8EA,0x6DA
碾,U+78BE,private,0xF8EB,0x6DB
磁,U+78C1,private,0xF8EC,0x6DC
磨,U+78E8,private,0xF8ED,0x6DD
示,U+793A,private,0xF8EE,0x6DE
礼,U+793C,private,0xF8EF,0x6DF
社,U+793E,private,0xF8F0,0x6E0
祈,U+7948,private,0xF8F1,0x6E1
祝,U+795D,private,0xF8F2,0x6E2
神,U+795E,private,0xF8F3,0x6E3
祟,U+795F,private,0xF8F4,0x6E4
票,U+7968,private,0xF8F5,0x6E5
祭,U+796D,private,0xF8F6,0x6E6
祷,U+7977,private,0xF8F7,0x6E7
祸,U+7978,private,0xF8F8,0x6E8
禁,U+7981,private,0xF8F9,0x6E9
福,U+798F,private,0xF8FA,0x6EA
离,U+79BB,private,0xF8FB,0x6EB
秀,U+79C0,private,0xF8FC,0x6EC
私,U+79C1,private,0xF940,0x6ED
秋,U+79CB,private,0xF941,0x6EE
种,U+79CD,private,0xF942,0x6EF
科,U+79D1,private,0xF943,0x6F0
秒,U+79D2,private,0xF944,0x6F1
秘,U+79D8,private,0xF945,0x6F2
租,U+79DF,private,0xF946,0x6F3
积,U+79EF,private,0xF947,0x6F4
称,U+79F0,private,0xF948,0x6F5
移,U+79FB,private,0xF949,0x6F6
秽,U+79FD,private,0xF94A,0x6F7
稀,U+7A00,private,0xF94B,0x6F8
程,U+7A0B,private,0xF94C,0x6F9
稍,U+7A0D,private,0xF94D,0x6FA
稳,U+7A33,private,0xF94E,0x6FB
稽,U+7A3D,private,0xF94F,0x6FC
究,U+7A76,private,0xF950,0x6FD
空,U+7A7A,private,0xF951,0x6FE
穿,U+7A7F,private,0xF952,0x6FF
突,U+7A81,private,0xF953,0x700
窄,U+7A84,private,0xF954,0x701
窍,U+7A8D,private,0xF955,0x702
窗,U+7A97,private,0xF956,0x703
窝,U+7A9D,private,0xF957,0x704
窥,U+7AA5,private,0xF958,0x705
立,U+7ACB,private,0xF959,0x706
竖,U+7AD6,private,0xF95A,0x707
站,U+7AD9,private,0xF95B,0x708
竞,U+7ADE,private,0xF95C,0x709
竟,U+7ADF,private,0xF95D,0x70A
章,U+7AE0,private,0xF95E,0x70B
童,U+7AE5,private,0xF95F,0x70C
竭,U+7AED,private,0xF960,0x70D
端,U+7AEF,private,0xF961,0x70E
竹,U+7AF9,private,0xF962,0x70F
笑,U+7B11,private,0xF963,0x710
笔,U+7B14,private,0xF964,0x711
符,U+7B26,private,0xF965,0x712
笨,U+7B28,private,0xF966,0x713
第,U+7B2C,private,0xF967,0x714
笼,U+7B3C,private,0xF968,0x715
等,U+7B49,private,0xF969,0x716
筋,U+7B4B,private,0xF96A,0x717
筑,U+7B51,private,0xF96B,0x718
答,U+7B54,private,0xF96C,0x719
策,U+7B56,private,0xF96D,0x71A
筹,U+7B79,private,0xF96E,0x71B
签,U+7B7E,private,0xF96F,0x71C
简,U+7B80,private,0xF970,0x71D
箍,U+7B8D,private,0xF971,0x71E
算,U+7B97,private,0xF972,0x71F
管,U+7BA1,private,0xF973,0x720
箭,U+7BAD,private,0xF974,0x721
箱,U+7BB1,private,0xF975,0x722
篇,U+7BC7,private,0xF976,0x723
篝,U+7BDD,private,0xF977,0x724
篮,U+7BEE,private,0xF978,0x725
篷,U+7BF7,private,0xF979,0x726
米,U+7C73,private,0xF97A,0x727
类,U+7C7B,private,0xF97B,0x728
粉,U+7C89,private,0xF97C,0x729
粗,U+7C97,private,0xF97D,0x72A
粹,U+7CB9,private,0xF97E,0x72B
精,U+7CBE,private,0xF980,0x72C
糊,U+7CCA,private,0xF981,0x72D
糕,U+7CD5,private,0xF982,0x72E
糖,U+7CD6,private,0xF983,0x72F
糙,U+7CD9,private,0xF984,0x730
糟,U+7CDF,private,0xF985,0x731
系,U+7CFB,private,0xF986,0x732
紊,U+7D0A,private,0xF987,0x733
素,U+7D20,private,0xF988,0x734
索,U+7D22,private,0xF989,0x735
紧,U+7D27,private,0xF98A,0x736
累,U+7D2F,private,0xF98B,0x737
絮,U+7D6E,private,0xF98C,0x738
絵,U+7D75,private,0xF98D,0x739
繁,U+7E41,private,0xF98E,0x73A
纠,U+7EA0,private,0xF98F,0x73B
红,U+7EA2,private,0xF990,0x73C
纤,U+7EA4,private,0xF991,0x73D
约,U+7EA6,private,0xF992,0x73E
级,U+7EA7,private,0xF993,0x73F
纪,U+7EAA,private,0xF994,0x740
纯,U+7EAF,private,0xF995,0x741
纱,U+7EB1,private,0xF996,0x742
纲,U+7EB2,private,0xF997,0x743
纳,U+7EB3,private,0xF998,0x744
纸,U+7EB8,private,0xF999,0x745
纹,U+7EB9,private,0xF99A,0x746
纺,U+7EBA,private,0xF99B,0x747
线,U+7EBF,private,0xF99C,0x748
练,U+7EC3,private,0xF99D,0x749
组,U+7EC4,private,0xF99E,0x74A
绅,U+7EC5,private,0xF99F,0x74B
细,U+7EC6,private,0xF9A0,0x74C
织,U+7EC7,private,0xF9A1,0x74D
终,U+7EC8,private,0xF9A2,0x74E
绊,U+7ECA,private,0xF9A3,0x74F
绍,U+7ECD,private,0xF9A4,0x750
绎,U+7ECE,private,0xF9A5,0x751
经,U+7ECF,private,0xF9A6,0x752
绑,U+7ED1,private,0xF9A7,0x753
绒,U+7ED2,private,0xF9A8,0x754
结,U+7ED3,private,0xF9A9,0x755
绕,U+7ED5,private,0xF9AA,0x756
绘,U+7ED8,private,0xF9AB,0x757
给,U+7ED9,private,0xF9AC,0x758
绚,U+7EDA,private,0xF9AD,0x759
络,U+7EDC,private,0xF9AE,0x75A
绝,U+7EDD,private,0xF9AF,0x75B
统,U+7EDF,private,0xF9B0,0x75C
继,U+7EE7,private,0xF9B1,0x75D
绩,U+7EE9,private,0xF9B2,0x75E
绪,U+7EEA,private,0xF9B3,0x75F
续,U+7EED,private,0xF9B4,0x760
绰,U+7EF0,private,0xF9B5,0x761
绳,U+7EF3,private,0xF9B6,0x762
维,U+7EF4,private,0xF9B7,0x763
绵,U+7EF5,private,0xF9B8,0x764
绷,U+7EF7,private,0xF9B9,0x765
绸,U+7EF8,private,0xF9BA,0x766
综,U+7EFC,private,0xF9BB,0x767
绽,U+7EFD,private,0xF9BC,0x768
绿,U+7EFF,private,0xF9BD,0x769
缎,U+7F0E,private,0xF9BE,0x76A
缓,U+7F13,private,0xF9BF,0x76B
编,U+7F16,private,0xF9C0,0x76C
缘,U+7F18,private,0xF9C1,0x76D
缚,U+7F1A,private,0xF9C2,0x76E
缝,U+7F1D,private,0xF9C3,0x76F
缠,U+7F20,private,0xF9C4,0x770
缩,U+7F29,private,0xF9C5,0x771
缺,U+7F3A,private,0xF9C6,0x772
罐,U+7F50,private,0xF9C7,0x773
网,U+7F51,private,0xF9C8,0x774
罗,U+7F57,private,0xF9C9,0x775
罚,U+7F5A,private,0xF9CA,0x776
罢,U+7F62,private,0xF9CB,0x777
罩,U+7F69,private,0xF9CC,0x778
罪,U+7F6A,private,0xF9CD,0x779
置,U+7F6E,private,0xF9CE,0x77A
羁,U+7F81,private,0xF9CF,0x77B
美,U+7F8E,private,0xF9D0,0x77C
羞,U+7F9E,private,0xF9D1,0x77D
羡,U+7FA1,private,0xF9D2,0x77E
群,U+7FA4,private,0xF9D3,0x77F
羽,U+7FBD,private,0xF9D4,0x780
翅,U+7FC5,private,0xF9D5,0x781
翔,U+7FD4,private,0xF9D6,0x782
翘,U+7FD8,private,0xF9D7,0x783
翱,U+7FF1,private,0xF9D8,0x784
翻,U+7FFB,private,0xF9D9,0x785
翼,U+7FFC,private,0xF9DA,0x786
耀,U+8000,private,0xF9DB,0x787
老,U+8001,private,0xF9DC,0x788
考,U+8003,private,0xF9DD,0x789
者,U+8005,private,0xF9DE,0x78A
而,U+800C,private,0xF9DF,0x78B
耍,U+800D,private,0xF9E0,0x78C
耐,U+8010,private,0xF9E1,0x78D
耗,U+8017,private,0xF9E2,0x78E
耳,U+8033,private,0xF9E3,0x78F
耶,U+8036,private,0xF9E4,0x790
耻,U+803B,private,0xF9E5,0x791
耽,U+803D,private,0xF9E6,0x792
聊,U+804A,private,0xF9E7,0x793
聋,U+804B,private,0xF9E8,0x794
职,U+804C,private,0xF9E9,0x795
联,U+8054,private,0xF9EA,0x796
聘,U+8058,private,0xF9EB,0x797
聚,U+805A,private,0xF9EC,0x798
聪,U+806A,private,0xF9ED,0x799
肃,U+8083,private,0xF9EE,0x79A
肉,U+8089,private,0xF9EF,0x79B
肌,U+808C,private,0xF9F0,0x79C
肚,U+809A,private,0xF9F1,0x79D
股,U+80A1,private,0xF9F2,0x79E
肤,U+80A4,private,0xF9F3,0x79F
肥,U+80A5,private,0xF9F4,0x7A0
肩,U+80A9,private,0xF9F5,0x7A1
肪,U+80AA,private,0xF9F6,0x7A2
肮,U+80AE,private,0xF9F7,0x7A3
肯,U+80AF,private,0xF9F8,0x7A4
育,U+80B2,private,0xF9F9,0x7A5
肿,U+80BF,private,0xF9FA,0x7A6
胀,U+80C0,private,0xF9FB,0x7A7
胃,U+80C3,private,0xF9FC,0x7A8
胆,U+80C6,private,0xFA40,0x7A9
背,U+80CC,private,0xFA41,0x7AA
胎,U+80CE,private,0xFA42,0x7AB
胜,U+80DC,private,0xFA43,0x7AC
胞,U+80DE,private,0xFA44,0x7AD
胡,U+80E1,private,0xFA45,0x7AE
胳,U+80F3,private,0xFA46,0x7AF
胶,U+80F6,private,0xFA47,0x7B0
胸,U+80F8,private,0xFA48,0x7B1
能,U+80FD,private,0xFA49,0x7B2
脂,U+8102,private,0xFA4A,0x7B3
脆,U+8106,private,0xFA4B,0x7B4
脊,U+810A,private,0xFA4C,0x7B5
脏,U+810F,private,0xFA4D,0x7B6
脑,U+8111,private,0xFA4E,0x7B7
脖,U+8116,private,0xFA4F,0x7B8
脚,U+811A,private,0xFA50,0x7B9
脱,U+8131,private,0xFA51,0x7BA
脸,U+8138,private,0xFA52,0x7BB
脾,U+813E,private,0xFA53,0x7BC
腐,U+8150,private,0xFA54,0x7BD
腕,U+8155,private,0xFA55,0x7BE
腮,U+816E,private,0xFA56,0x7BF
腰,U+8170,private,0xFA57,0x7C0
腹,U+8179,private,0xFA58,0x7C1
腻,U+817B,private,0xFA59,0x7C2
腾,U+817E,private,0xFA5A,0x7C3
腿,U+817F,private,0xFA5B,0x7C4
膀,U+8180,private,0xFA5C,0x7C5
膊,U+818A,private,0xFA5D,0x7C6
膏,U+818F,private,0xFA5E,0x7C7
膛,U+819B,private,0xFA5F,0x7C8
臂,U+81C2,private,0xFA60,0x7C9
臣,U+81E3,private,0xFA61,0x7CA
自,U+81EA,private,0xFA62,0x7CB
至,U+81F3,private,0xFA63,0x7CC
致,U+81F4,private,0xFA64,0x7CD
臼,U+81FC,private,0xFA65,0x7CE
舌,U+820C,private,0xFA66,0x7CF
舍,U+820D,private,0xFA67,0x7D0
舒,U+8212,private,0xFA68,0x7D1
舔,U+8214,private,0xFA69,0x7D2
舞,U+821E,private,0xFA6A,0x7D3
般,U+822C,private,0xFA6B,0x7D4
船,U+8239,private,0xFA6C,0x7D5
艇,U+8247,private,0xFA6D,0x7D6
艘,U+8258,private,0xFA6E,0x7D7
艮,U+826E,private,0xFA6F,0x7D8
良,U+826F,private,0xFA70,0x7D9
艰,U+8270,private,0xFA71,0x7DA
色,U+8272,private,0xFA72,0x7DB
艺,U+827A,private,0xFA73,0x7DC
节,U+8282,private,0xFA74,0x7DD
芋,U+828B,private,0xFA75,0x7DE
芒,U+8292,private,0xFA76,0x7DF
芙,U+8299,private,0xFA77,0x7E0
芝,U+829D,private,0xFA78,0x7E1
花,U+82B1,private,0xFA79,0x7E2
芳,U+82B3,private,0xFA7A,0x7E3
芽,U+82BD,private,0xFA7B,0x7E4
苍,U+82CD,private,0xFA7C,0x7E5
苏,U+82CF,private,0xFA7D,0x7E6
苗,U+82D7,private,0xFA7E,0x7E7
苟,U+82DF,private,0xFA80,0x7E8
若,U+82E5,private,0xFA81,0x7E9
苦,U+82E6,private,0xFA82,0x7EA
英,U+82F1,private,0xFA83,0x7EB
苹,U+82F9,private,0xFA84,0x7EC
茁,U+8301,private,0xFA85,0x7ED
茂,U+8302,private,0xFA86,0x7EE
范,U+8303,private,0xFA87,0x7EF
茨,U+8328,private,0xFA88,0x7F0
茫,U+832B,private,0xFA89,0x7F1
茬,U+832C,private,0xFA8A,0x7F2
茶,U+8336,private,0xFA8B,0x7F3
茸,U+8338,private,0xFA8C,0x7F4
草,U+8349,private,0xFA8D,0x7F5
荐,U+8350,private,0xFA8E,0x7F6
荒,U+8352,private,0xFA8F,0x7F7
荞,U+835E,private,0xFA90,0x7F8
荣,U+8363,private,0xFA91,0x7F9
药,U+836F,private,0xFA92,0x7FA
荷,U+8377,private,0xFA93,0x7FB
莉,U+8389,private,0xFA94,0x7FC
莓,U+8393,private,0xFA95,0x7FD
莫,U+83AB,private,0xFA96,0x7FE
莱,U+83B1,private,0xFA97,0x7FF
莲,U+83B2,private,0xFA98,0x800
获,U+83B7,private,0xFA99,0x801
莹,U+83B9,private,0xFA9A,0x802
莽,U+83BD,private,0xFA9B,0x803
菊,U+83CA,private,0xFA9C,0x804
菜,U+83DC,private,0xFA9D,0x805
菠,U+83E0,private,0xFA9E,0x806
菲,U+83F2,private,0xFA9F,0x807
萌,U+840C,private,0xFAA0,0x808
萝,U+841D,private,0xFAA1,0x809
萤,U+8424,private,0xFAA2,0x80A
营,U+8425,private,0xFAA3,0x80B
萨,U+8428,private,0xFAA4,0x80C
萩,U+8429,private,0xFAA5,0x80D
落,U+843D,private,0xFAA6,0x80E
著,U+8457,private,0xFAA7,0x80F
葩,U+8469,private,0xFAA8,0x810
葬,U+846C,private,0xFAA9,0x811
葵,U+8475,private,0xFAAA,0x812
蒙,U+8499,private,0xFAAB,0x813
蒜,U+849C,private,0xFAAC,0x814
蒸,U+84B8,private,0xFAAD,0x815
蒼,U+84BC,private,0xFAAE,0x816
蓄,U+84C4,private,0xFAAF,0x817
蓝,U+84DD,private,0xFAB0,0x818
蓬,U+84EC,private,0xFAB1,0x819
蔫,U+852B,private,0xFAB2,0x81A
蔬,U+852C,private,0xFAB3,0x81B
蕉,U+8549,private,0xFAB4,0x81C
蕾,U+857E,private,0xFAB5,0x81D
薄,U+8584,private,0xFAB6,0x81E
薪,U+85AA,private,0xFAB7,0x81F
藏,U+85CF,private,0xFAB8,0x820
藤,U+85E4,private,0xFAB9,0x821
虎,U+864E,private,0xFABA,0x822
虑,U+8651,private,0xFABB,0x823
虚,U+865A,private,0xFABC,0x824
虫,U+866B,private,0xFABD,0x825
虱,U+8671,private,0xFABE,0x826
虹,U+8679,private,0xFABF,0x827
虽,U+867D,private,0xFAC0,0x828
虾,U+867E,private,0xFAC1,0x829
蚊,U+868A,private,0xFAC2,0x82A
蛇,U+86C7,private,0xFAC3,0x82B
蛋,U+86CB,private,0xFAC4,0x82C
蛮,U+86EE,private,0xFAC5,0x82D
蜂,U+8702,private,0xFAC6,0x82E
蜇,U+8707,private,0xFAC7,0x82F
蜕,U+8715,private,0xFAC8,0x830
蜜,U+871C,private,0xFAC9,0x831
蝎,U+874E,private,0xFACA,0x832
蝙,U+8759,private,0xFACB,0x833
蝠,U+8760,private,0xFACC,0x834
蝴,U+8774,private,0xFACD,0x835
蝶,U+8776,private,0xFACE,0x836
融,U+878D,private,0xFACF,0x837
蟹,U+87F9,private,0xFAD0,0x838
蠢,U+8822,private,0xFAD1,0x839
血,U+8840,private,0xFAD2,0x83A
衅,U+8845,private,0xFAD3,0x83B
行,U+884C,private,0xFAD4,0x83C
衍,U+884D,private,0xFAD5,0x83D
衔,U+8854,private,0xFAD6,0x83E
街,U+8857,private,0xFAD7,0x83F
衡,U+8861,private,0xFAD8,0x840
衣,U+8863,private,0xFAD9,0x841
补,U+8865,private,0xFADA,0x842
表,U+8868,private,0xFADB,0x843
衫,U+886B,private,0xFADC,0x844
衷,U+8877,private,0xFADD,0x845
袋,U+888B,private,0xFADE,0x846
袒,U+8892,private,0xFADF,0x847
袖,U+8896,private,0xFAE0,0x848
被,U+88AB,private,0xFAE1,0x849
袭,U+88AD,private,0xFAE2,0x84A
裁,U+88C1,private,0xFAE3,0x84B
裂,U+88C2,private,0xFAE4,0x84C
装,U+88C5,private,0xFAE5,0x84D
裕,U+88D5,private,0xFAE6,0x84E
裙,U+88D9,private,0xFAE7,0x84F
裤,U+88E4,private,0xFAE8,0x850
裹,U+88F9,private,0xFAE9,0x851
褒,U+8912,private,0xFAEA,0x852
西,U+897F,private,0xFAEB,0x853
要,U+8981,private,0xFAEC,0x854
覆,U+8986,private,0xFAED,0x855
见,U+89C1,private,0xFAEE,0x856
观,U+89C2,private,0xFAEF,0x857
规,U+89C4,private,0xFAF0,0x858
视,U+89C6,private,0xFAF1,0x859
览,U+89C8,private,0xFAF2,0x85A
觉,U+89C9,private,0xFAF3,0x85B
角,U+89D2,private,0xFAF4,0x85C
解,U+89E3,private,0xFAF5,0x85D
触,U+89E6,private,0xFAF6,0x85E
言,U+8A00,private,0xFAF7,0x85F
誉,U+8A89,private,0xFAF8,0x860
誓,U+8A93,private,0xFAF9,0x861
警,U+8B66,private,0xFAFA,0x862
计,U+8BA1,private,0xFAFB,0x863
订,U+8BA2,private,0xFAFC,0x864
认,U+8BA4,private,0xFB40,0x865
讨,U+8BA8,private,0xFB41,0x866
让,U+8BA9,private,0xFB42,0x867
训,U+8BAD,private,0xFB43,0x868
议,U+8BAE,private,0xFB44,0x869
讯,U+8BAF,private,0xFB45,0x86A
记,U+8BB0,private,0xFB46,0x86B
讲,U+8BB2,private,0xFB47,0x86C
讶,U+8BB6,private,0xFB48,0x86D
许,U+8BB8,private,0xFB49,0x86E
论,U+8BBA,private,0xFB4A,0x86F
设,U+8BBE,private,0xFB4B,0x870
访,U+8BBF,private,0xFB4C,0x871
诀,U+8BC0,private,0xFB4D,0x872
证,U+8BC1,private,0xFB4E,0x873
评,U+8BC4,private,0xFB4F,0x874
诅,U+8BC5,private,0xFB50,0x875
识,U+8BC6,private,0xFB51,0x876
诈,U+8BC8,private,0xFB52,0x877
诉,U+8BC9,private,0xFB53,0x878
词,U+8BCD,private,0xFB54,0x879
试,U+8BD5,private,0xFB55,0x87A
诗,U+8BD7,private,0xFB56,0x87B
诚,U+8BDA,private,0xFB57,0x87C
话,U+8BDD,private,0xFB58,0x87D
诞,U+8BDE,private,0xFB59,0x87E
诡,U+8BE1,private,0xFB5A,0x87F
询,U+8BE2,private,0xFB5B,0x880
该,U+8BE5,private,0xFB5C,0x881
详,U+8BE6,private,0xFB5D,0x882
语,U+8BED,private,0xFB5E,0x883
误,U+8BEF,private,0xFB5F,0x884
诱,U+8BF1,private,0xFB60,0x885
诲,U+8BF2,private,0xFB61,0x886
说,U+8BF4,private,0xFB62,0x887
诶,U+8BF6,private,0xFB63,0x888
请,U+8BF7,private,0xFB64,0x889
诸,U+8BF8,private,0xFB65,0x88A
诺,U+8BFA,private,0xFB66,0x88B
读,U+8BFB,private,0xFB67,0x88C
课,U+8BFE,private,0xFB68,0x88D
谁,U+8C01,private,0xFB69,0x88E
调,U+8C03,private,0xFB6A,0x88F
谅,U+8C05,private,0xFB6B,0x890
谈,U+8C08,private,0xFB6C,0x891
谋,U+8C0B,private,0xFB6D,0x892
谍,U+8C0D,private,0xFB6E,0x893
谎,U+8C0E,private,0xFB6F,0x894
谓,U+8C13,private,0xFB70,0x895
谜,U+8C1C,private,0xFB71,0x896
谢,U+8C22,private,0xFB72,0x897
谣,U+8C23,private,0xFB73,0x898
谨,U+8C28,private,0xFB74,0x899
谱,U+8C31,private,0xFB75,0x89A
谷,U+8C37,private,0xFB76,0x89B
豁,U+8C41,private,0xFB77,0x89C
豆,U+8C46,private,0xFB78,0x89D
豚,U+8C5A,private,0xFB79,0x89E
象,U+8C61,private,0xFB7A,0x89F
豪,U+8C6A,private,0xFB7B,0x8A0
豫,U+8C6B,private,0xFB7C,0x8A1
貌,U+8C8C,private,0xFB7D,0x8A2
贝,U+8D1D,private,0xFB7E,0x8A3
负,U+8D1F,private,0xFB80,0x8A4
财,U+8D22,private,0xFB81,0x8A5
责,U+8D23,private,0xFB82,0x8A6
败,U+8D25,private,0xFB83,0x8A7
货,U+8D27,private,0xFB84,0x8A8
质,U+8D28,private,0xFB85,0x8A9
贩,U+8D29,private,0xFB86,0x8AA
贪,U+8D2A,private,0xFB87,0x8AB
贫,U+8D2B,private,0xFB88,0x8AC
购,U+8D2D,private,0xFB89,0x8AD
贯,U+8D2F,private,0xFB8A,0x8AE
贴,U+8D34,private,0xFB8B,0x8AF
贵,U+8D35,private,0xFB8C,0x8B0
费,U+8D39,private,0xFB8D,0x8B1
贺,U+8D3A,private,0xFB8E,0x8B2
贼,U+8D3C,private,0xFB8F,0x8B3
资,U+8D44,private,0xFB90,0x8B4
赋,U+8D4B,private,0xFB91,0x8B5
赌,U+8D4C,private,0xFB92,0x8B6
赏,U+8D4F,private,0xFB93,0x8B7
赔,U+8D54,private,0xFB94,0x8B8
赖,U+8D56,private,0xFB95,0x8B9
赚,U+8D5A,private,0xFB96,0x8BA
赛,U+8D5B,private,0xFB97,0x8BB
赞,U+8D5E,private,0xFB98,0x8BC
赠,U+8D60,private,0xFB99,0x8BD
赢,U+8D62,private,0xFB9A,0x8BE
赤,U+8D64,private,0xFB9B,0x8BF
走,U+8D70,private,0xFB9C,0x8C0
赴,U+8D74,private,0xFB9D,0x8C1
赶,U+8D76,private,0xFB9E,0x8C2
起,U+8D77,private,0xFB9F,0x8C3
趁,U+8D81,private,0xFBA0,0x8C4
超,U+8D85,private,0xFBA1,0x8C5
越,U+8D8A,private,0xFBA2,0x8C6
趋,U+8D8B,private,0xFBA3,0x8C7
趟,U+8D9F,private,0xFBA4,0x8C8
趣,U+8DA3,private,0xFBA5,0x8C9
足,U+8DB3,private,0xFBA6,0x8CA
趴,U+8DB4,private,0xFBA7,0x8CB
趾,U+8DBE,private,0xFBA8,0x8CC
跃,U+8DC3,private,0xFBA9,0x8CD
跌,U+8DCC,private,0xFBAA,0x8CE
跑,U+8DD1,private,0xFBAB,0x8CF
跚,U+8DDA,private,0xFBAC,0x8D0
距,U+8DDD,private,0xFBAD,0x8D1
跟,U+8DDF,private,0xFBAE,0x8D2
跤,U+8DE4,private,0xFBAF,0x8D3
跨,U+8DE8,private,0xFBB0,0x8D4
跪,U+8DEA,private,0xFBB1,0x8D5
路,U+8DEF,private,0xFBB2,0x8D6
跳,U+8DF3,private,0xFBB3,0x8D7
践,U+8DF5,private,0xFBB4,0x8D8
跷,U+8DF7,private,0xFBB5,0x8D9
踏,U+8E0F,private,0xFBB6,0x8DA
踝,U+8E1D,private,0xFBB7,0x8DB
踢,U+8E22,private,0xFBB8,0x8DC
踩,U+8E29,private,0xFBB9,0x8DD
踪,U+8E2A,private,0xFBBA,0x8DE
踮,U+8E2E,private,0xFBBB,0x8DF
踵,U+8E35,private,0xFBBC,0x8E0
蹈,U+8E48,private,0xFBBD,0x8E1
蹑,U+8E51,private,0xFBBE,0x8E2
蹒,U+8E52,private,0xFBBF,0x8E3
蹦,U+8E66,private,0xFBC0,0x8E4
蹭,U+8E6D,private,0xFBC1,0x8E5
蹲,U+8E72,private,0xFBC2,0x8E6
躁,U+8E81,private,0xFBC3,0x8E7
身,U+8EAB,private,0xFBC4,0x8E8
躲,U+8EB2,private,0xFBC5,0x8E9
车,U+8F66,private,0xFBC6,0x8EA
轨,U+8F68,private,0xFBC7,0x8EB
转,U+8F6C,private,0xFBC8,0x8EC
轮,U+8F6E,private,0xFBC9,0x8ED
软,U+8F6F,private,0xFBCA,0x8EE
轰,U+8F70,private,0xFBCB,0x8EF
轻,U+8F7B,private,0xFBCC,0x8F0
载,U+8F7D,private,0xFBCD,0x8F1
较,U+8F83,private,0xFBCE,0x8F2
辅,U+8F85,private,0xFBCF,0x8F3
辆,U+8F86,private,0xFBD0,0x8F4
辈,U+8F88,private,0xFBD1,0x8F5
辉,U+8F89,private,0xFBD2,0x8F6
辑,U+8F91,private,0xFBD3,0x8F7
输,U+8F93,private,0xFBD4,0x8F8
辛,U+8F9B,private,0xFBD5,0x8F9
辜,U+8F9C,private,0xFBD6,0x8FA
辞,U+8F9E,private,0xFBD7,0x8FB
辣,U+8FA3,private,0xFBD8,0x8FC
辨,U+8FA8,private,0xFBD9,0x8FD
辰,U+8FB0,private,0xFBDA,0x8FE
边,U+8FB9,private,0xFBDB,0x8FF
达,U+8FBE,private,0xFBDC,0x900
迁,U+8FC1,private,0xFBDD,0x901
迄,U+8FC4,private,0xFBDE,0x902
迅,U+8FC5,private,0xFBDF,0x903
过,U+8FC7,private,0xFBE0,0x904
迈,U+8FC8,private,0xFBE1,0x905
迎,U+8FCE,private,0xFBE2,0x906
运,U+8FD0,private,0xFBE3,0x907
近,U+8FD1,private,0xFBE4,0x908
返,U+8FD4,private,0xFBE5,0x909
还,U+8FD8,private,0xFBE6,0x90A
这,U+8FD9,private,0xFBE7,0x90B
进,U+8FDB,private,0xFBE8,0x90C
远,U+8FDC,private,0xFBE9,0x90D
违,U+8FDD,private,0xFBEA,0x90E
连,U+8FDE,private,0xFBEB,0x90F
迟,U+8FDF,private,0xFBEC,0x910
迪,U+8FEA,private,0xFBED,0x911
迫,U+8FEB,private,0xFBEE,0x912
迷,U+8FF7,private,0xFBEF,0x913
迹,U+8FF9,private,0xFBF0,0x914
追,U+8FFD,private,0xFBF1,0x915
退,U+9000,private,0xFBF2,0x916
送,U+9001,private,0xFBF3,0x917
适,U+9002,private,0xFBF4,0x918
逃,U+9003,private,0xFBF5,0x919
逆,U+9006,private,0xFBF6,0x91A
选,U+9009,private,0xFBF7,0x91B
透,U+900F,private,0xFBF8,0x91C
逐,U+9010,private,0xFBF9,0x91D
递,U+9012,private,0xFBFA,0x91E
途,U+9014,private,0xFBFB,0x91F
逗,U+9017,private,0xFBFC,0x920
通,U+901A,private,0xFC40,0x921
逛,U+901B,private,0xFC41,0x922
逝,U+901D,private,0xFC42,0x923
逞,U+901E,private,0xFC43,0x924
速,U+901F,private,0xFC44,0x925
造,U+9020,private,0xFC45,0x926
逢,U+9022,private,0xFC46,0x927
逸,U+9038,private,0xFC47,0x928
逻,U+903B,private,0xFC48,0x929
逼,U+903C,private,0xFC49,0x92A
遇,U+9047,private,0xFC4A,0x92B
遍,U+904D,private,0xFC4B,0x92C
道,U+9053,private,0xFC4C,0x92D
遗,U+9057,private,0xFC4D,0x92E
遛,U+905B,private,0xFC4E,0x92F
遢,U+9062,private,0xFC4F,0x930
遥,U+9065,private,0xFC50,0x931
遭,U+906D,private,0xFC51,0x932
遮,U+906E,private,0xFC52,0x933
遵,U+9075,private,0xFC53,0x934
避,U+907F,private,0xFC54,0x935
邀,U+9080,private,0xFC55,0x936
邋,U+908B,private,0xFC56,0x937
那,U+90A3,private,0xFC57,0x938
邦,U+90A6,private,0xFC58,0x939
邪,U+90AA,private,0xFC59,0x93A
邮,U+90AE,private,0xFC5A,0x93B
邸,U+90B8,private,0xFC5B,0x93C
邻,U+90BB,private,0xFC5C,0x93D
郁,U+90C1,private,0xFC5D,0x93E
郊,U+90CA,private,0xFC5E,0x93F
郎,U+90CE,private,0xFC5F,0x940
郑,U+90D1,private,0xFC60,0x941
部,U+90E8,private,0xFC61,0x942
都,U+90FD,private,0xFC62,0x943
配,U+914D,private,0xFC63,0x944
酒,U+9152,private,0xFC64,0x945
酪,U+916A,private,0xFC65,0x946
酱,U+9171,private,0xFC66,0x947
酷,U+9177,private,0xFC67,0x948
酸,U+9178,private,0xFC68,0x949
酿,U+917F,private,0xFC69,0x94A
醉,U+9189,private,0xFC6A,0x94B
醋,U+918B,private,0xFC6B,0x94C
醒,U+9192,private,0xFC6C,0x94D
采,U+91C7,private,0xFC6D,0x94E
释,U+91CA,private,0xFC6E,0x94F
里,U+91CC,private,0xFC6F,0x950
重,U+91CD,private,0xFC70,0x951
野,U+91CE,private,0xFC71,0x952
量,U+91CF,private,0xFC72,0x953
金,U+91D1,private,0xFC73,0x954
鉴,U+9274,private,0xFC74,0x955
针,U+9488,private,0xFC75,0x956
钝,U+949D,private,0xFC76,0x957
钞,U+949E,private,0xFC77,0x958
钟,U+949F,private,0xFC78,0x959
钩,U+94A9,private,0xFC79,0x95A
钮,U+94AE,private,0xFC7A,0x95B
钱,U+94B1,private,0xFC7B,0x95C
钻,U+94BB,private,0xFC7C,0x95D
铁,U+94C1,private,0xFC7D,0x95E
铃,U+94C3,private,0xFC7E,0x95F
铛,U+94DB,private,0xFC80,0x960
铭,U+94ED,private,0xFC81,0x961
银,U+94F6,private,0xFC82,0x962
铺,U+94FA,private,0xFC83,0x963
销,U+9500,private,0xFC84,0x964
锅,U+9505,private,0xFC85,0x965
锋,U+950B,private,0xFC86,0x966
锐,U+9510,private,0xFC87,0x967
错,U+9519,private,0xFC88,0x968
锭,U+952D,private,0xFC89,0x969
键,U+952E,private,0xFC8A,0x96A
锵,U+9535,private,0xFC8B,0x96B
锻,U+953B,private,0xFC8C,0x96C
镇,U+9547,private,0xFC8D,0x96D
镍,U+954D,private,0xFC8E,0x96E
镖,U+9556,private,0xFC8F,0x96F
镜,U+955C,private,0xFC90,0x970
长,U+957F,private,0xFC91,0x971
门,U+95E8,private,0xFC92,0x972
闪,U+95EA,private,0xFC93,0x973
闭,U+95ED,private,0xFC94,0x974
问,U+95EE,private,0xFC95,0x975
闯,U+95EF,private,0xFC96,0x976
闲,U+95F2,private,0xFC97,0x977
间,U+95F4,private,0xFC98,0x978
闷,U+95F7,private,0xFC99,0x979
闹,U+95F9,private,0xFC9A,0x97A
闻,U+95FB,private,0xFC9B,0x97B
阁,U+9601,private,0xFC9C,0x97C
阅,U+9605,private,0xFC9D,0x97D
阔,U+9614,private,0xFC9E,0x97E
阜,U+961C,private,0xFC9F,0x97F
队,U+961F,private,0xFCA0,0x980
阪,U+962A,private,0xFCA1,0x981
阱,U+9631,private,0xFCA2,0x982
防,U+9632,private,0xFCA3,0x983
阳,U+9633,private,0xFCA4,0x984
阴,U+9634,private,0xFCA5,0x985
阵,U+9635,private,0xFCA6,0x986
阶,U+9636,private,0xFCA7,0x987
阻,U+963B,private,0xFCA8,0x988
阿,U+963F,private,0xFCA9,0x989
附,U+9644,private,0xFCAA,0x98A
际,U+9645,private,0xFCAB,0x98B
陆,U+9646,private,0xFCAC,0x98C
陈,U+9648,private,0xFCAD,0x98D
陌,U+964C,private,0xFCAE,0x98E
降,U+964D,private,0xFCAF,0x98F
限,U+9650,private,0xFCB0,0x990
院,U+9662,private,0xFCB1,0x991
除,U+9664,private,0xFCB2,0x992
险,U+9669,private,0xFCB3,0x993
陪,U+966A,private,0xFCB4,0x994
陷,U+9677,private,0xFCB5,0x995
陽,U+967D,private,0xFCB6,0x996
隅,U+9685,private,0xFCB7,0x997
隆,U+9686,private,0xFCB8,0x998
随,U+968F,private,0xFCB9,0x999
隐,U+9690,private,0xFCBA,0x99A
隔,U+9694,private,0xFCBB,0x99B
隙,U+9699,private,0xFCBC,0x99C
难,U+96BE,private,0xFCBD,0x99D
雀,U+96C0,private,0xFCBE,0x99E
雄,U+96C4,private,0xFCBF,0x99F
雅,U+96C5,private,0xFCC0,0x9A0
集,U+96C6,private,0xFCC1,0x9A1
雇,U+96C7,private,0xFCC2,0x9A2
雏,U+96CF,private,0xFCC3,0x9A3
雕,U+96D5,private,0xFCC4,0x9A4
雨,U+96E8,private,0xFCC5,0x9A5
雪,U+96EA,private,0xFCC6,0x9A6
零,U+96F6,private,0xFCC7,0x9A7
雷,U+96F7,private,0xFCC8,0x9A8
需,U+9700,private,0xFCC9,0x9A9
震,U+9707,private,0xFCCA,0x9AA
露,U+9732,private,0xFCCB,0x9AB
霸,U+9738,private,0xFCCC,0x9AC
青,U+9752,private,0xFCCD,0x9AD
静,U+9759,private,0xFCCE,0x9AE
靛,U+975B,private,0xFCCF,0x9AF
非,U+975E,private,0xFCD0,0x9B0
靠,U+9760,private,0xFCD1,0x9B1
面,U+9762,private,0xFCD2,0x9B2
鞋,U+978B,private,0xFCD3,0x9B3
鞭,U+97AD,private,0xFCD4,0x9B4
韦,U+97E6,private,0xFCD5,0x9B5
韧,U+97E7,private,0xFCD6,0x9B6
音,U+97F3,private,0xFCD7,0x9B7
韵,U+97F5,private,0xFCD8,0x9B8
页,U+9875,private,0xFCD9,0x9B9
顶,U+9876,private,0xFCDA,0x9BA
项,U+9879,private,0xFCDB,0x9BB
顺,U+987A,private,0xFCDC,0x9BC
须,U+987B,private,0xFCDD,0x9BD
顽,U+987D,private,0xFCDE,0x9BE
顾,U+987E,private,0xFCDF,0x9BF
顿,U+987F,private,0xFCE0,0x9C0
颁,U+9881,private,0xFCE1,0x9C1
颂,U+9882,private,0xFCE2,0x9C2
预,U+9884,private,0xFCE3,0x9C3
领,U+9886,private,0xFCE4,0x9C4
颈,U+9888,private,0xFCE5,0x9C5
颊,U+988A,private,0xFCE6,0x9C6
频,U+9891,private,0xFCE7,0x9C7
颖,U+9896,private,0xFCE8,0x9C8
颗,U+9897,private,0xFCE9,0x9C9
题,U+9898,private,0xFCEA,0x9CA
颜,U+989C,private,0xFCEB,0x9CB
额,U+989D,private,0xFCEC,0x9CC
颠,U+98A0,private,0xFCED,0x9CD
颤,U+98A4,private,0xFCEE,0x9CE
风,U+98CE,private,0xFCEF,0x9CF
飕,U+98D5,private,0xFCF0,0x9D0
飘,U+98D8,private,0xFCF1,0x9D1
飙,U+98D9,private,0xFCF2,0x9D2
飞,U+98DE,private,0xFCF3,0x9D3
食,U+98DF,private,0xFCF4,0x9D4
飯,U+98EF,private,0xFCF5,0x9D5
餐,U+9910,private,0xFCF6,0x9D6
饪,U+996A,private,0xFCF7,0x9D7
饭,U+996D,private,0xFCF8,0x9D8
饮,U+996E,private,0xFCF9,0x9D9
饰,U+9970,private,0xFCFA,0x9DA
饱,U+9971,private,0xFCFB,0x9DB
饶,U+9976,private,0xFCFC,0x9DC
饼,U+997C,private,0xFD40,0x9DD
饿,U+997F,private,0xFD41,0x9DE
馁,U+9981,private,0xFD42,0x9DF
馆,U+9986,private,0xFD43,0x9E0
首,U+9996,private,0xFD44,0x9E1
香,U+9999,private,0xFD45,0x9E2
马,U+9A6C,private,0xFD46,0x9E3
驰,U+9A70,private,0xFD47,0x9E4
驱,U+9A71,private,0xFD48,0x9E5
驳,U+9A73,private,0xFD49,0x9E6
驷,U+9A77,private,0xFD4A,0x9E7
驼,U+9A7C,private,0xFD4B,0x9E8
驾,U+9A7E,private,0xFD4C,0x9E9
驿,U+9A7F,private,0xFD4D,0x9EA
骂,U+9A82,private,0xFD4E,0x9EB
骄,U+9A84,private,0xFD4F,0x9EC
验,U+9A8C,private,0xFD50,0x9ED
骑,U+9A91,private,0xFD51,0x9EE
骗,U+9A97,private,0xFD52,0x9EF
骚,U+9A9A,private,0xFD53,0x9F0
骨,U+9AA8,private,0xFD54,0x9F1
高,U+9AD8,private,0xFD55,0x9F2
髦,U+9AE6,private,0xFD56,0x9F3
鬘,U+9B18,private,0xFD57,0x9F4
鬼,U+9B3C,private,0xFD58,0x9F5
魂,U+9B42,private,0xFD59,0x9F6
魄,U+9B44,private,0xFD5A,0x9F7
魅,U+9B45,private,0xFD5B,0x9F8
魔,U+9B54,private,0xFD5C,0x9F9
鱼,U+9C7C,private,0xFD5D,0x9FA
鱿,U+9C7F,private,0xFD5E,0x9FB
鲁,U+9C81,private,0xFD5F,0x9FC
鲔,U+9C94,private,0xFD60,0x9FD
鲜,U+9C9C,private,0xFD61,0x9FE
鲤,U+9CA4,private,0xFD62,0x9FF
鲨,U+9CA8,private,0xFD63,0xA00
鲷,U+9CB7,private,0xFD64,0xA01
鲸,U+9CB8,private,0xFD65,0xA02
鳌,U+9CCC,private,0xFD66,0xA03
鳗,U+9CD7,private,0xFD67,0xA04
鳥,U+9CE5,private,0xFD68,0xA05
鸟,U+9E1F,private,0xFD69,0xA06
鸡,U+9E21,private,0xFD6A,0xA07
鸦,U+9E26,private,0xFD6B,0xA08
鸽,U+9E3D,private,0xFD6C,0xA09
鹃,U+9E43,private,0xFD6D,0xA0A
鹅,U+9E45,private,0xFD6E,0xA0B
鹊,U+9E4A,private,0xFD6F,0xA0C
鹤,U+9E64,private,0xFD70,0xA0D
鹫,U+9E6B,private,0xFD71,0xA0E
鹭,U+9E6D,private,0xFD72,0xA0F
鹰,U+9E70,private,0xFD73,0xA10
鹳,U+9E73,private,0xFD74,0xA11
鹿,U+9E7F,private,0xFD75,0xA12
麝,U+9E9D,private,0xFD76,0xA13
麦,U+9EA6,private,0xFD77,0xA14
麻,U+9EBB,private,0xFD78,0xA15
黄,U+9EC4,private,0xFD79,0xA16
黏,U+9ECF,private,0xFD7A,0xA17
黑,U+9ED1,private,0xFD7B,0xA18
默,U+9ED8,private,0xFD7C,0xA19
鼓,U+9F13,private,0xFD7D,0xA1A
鼻,U+9F3B,private,0xFD7E,0xA1B
齐,U+9F50,private,0xFD80,0xA1C
齿,U+9F7F,private,0xFD81,0xA1D
龄,U+9F84,private,0xFD82,0xA1E
龙,U+9F99,private,0xFD83,0xA1F
龛,U+9F9B,private,0xFD84,0xA20
