glyph_id,char,source,key_hex,unicode
0x2E,ー,original,0x815B,U+30FC
0x2E,−,original,0x817C,U+2212
0x48,ぁ,original,0x829F,U+3041
0x00,あ,original,0x82A0,U+3042
0x49,ぃ,original,0x82A1,U+3043
0x01,い,original,0x82A2,U+3044
0x4A,ぅ,original,0x82A3,U+3045
0x02,う,original,0x82A4,U+3046
0x4B,ぇ,original,0x82A5,U+3047
0x03,え,original,0x82A6,U+3048
0x4C,ぉ,original,0x82A7,U+3049
0x04,お,original,0x82A8,U+304A
0x05,か,original,0x82A9,U+304B
0x2F,が,original,0x82AA,U+304C
0x06,き,original,0x82AB,U+304D
0x30,ぎ,original,0x82AC,U+304E
0x07,く,original,0x82AD,U+304F
0x31,ぐ,original,0x82AE,U+3050
0x08,け,original,0x82AF,U+3051
0x32,げ,original,0x82B0,U+3052
0x09,こ,original,0x82B1,U+3053
0x33,ご,original,0x82B2,U+3054
0x0A,さ,original,0x82B3,U+3055
0x34,ざ,original,0x82B4,U+3056
0x0B,し,original,0x82B5,U+3057
0x35,じ,original,0x82B6,U+3058
0x0C,す,original,0x82B7,U+3059
0x36,ず,original,0x82B8,U+305A
0x0D,せ,original,0x82B9,U+305B
0x37,ぜ,original,0x82BA,U+305C
0x0E,そ,original,0x82BB,U+305D
0x38,ぞ,original,0x82BC,U+305E
0x0F,た,original,0x82BD,U+305F
0x39,だ,original,0x82BE,U+3060
0x10,ち,original,0x82BF,U+3061
0x3A,ぢ,original,0x82C0,U+3062
0x4D,っ,original,0x82C1,U+3063
0x11,つ,original,0x82C2,U+3064
0x3B,づ,original,0x82C3,U+3065
0x12,て,original,0x82C4,U+3066
0x3C,で,original,0x82C5,U+3067
0x13,と,original,0x82C6,U+3068
0x3D,ど,original,0x82C7,U+3069
0x14,な,original,0x82C8,U+306A
0x15,に,original,0x82C9,U+306B
0x16,ぬ,original,0x82CA,U+306C
0x17,ね,original,0x82CB,U+306D
0x18,の,original,0x82CC,U+306E
0x19,は,original,0x82CD,U+306F
0x3E,ば,original,0x82CE,U+3070
0x43,ぱ,original,0x82CF,U+3071
0x1A,ひ,original,0x82D0,U+3072
0x3F,び,original,0x82D1,U+3073
0x44,ぴ,original,0x82D2,U+3074
0x1B,ふ,original,0x82D3,U+3075
0x40,ぶ,original,0x82D4,U+3076
0x45,ぷ,original,0x82D5,U+3077
0x1C,へ,original,0x82D6,U+3078
0x41,べ,original,0x82D7,U+3079
0x46,ぺ,original,0x82D8,U+307A
0x1D,ほ,original,0x82D9,U+307B
0x42,ぼ,original,0x82DA,U+307C
0x47,ぽ,original,0x82DB,U+307D
0x1E,ま,original,0x82DC,U+307E
0x1F,み,original,0x82DD,U+307F
0x20,む,original,0x82DE,U+3080
0x21,め,original,0x82DF,U+3081
0x22,も,original,0x82E0,U+3082
0x4E,ゃ,original,0x82E1,U+3083
0x23,や,original,0x82E2,U+3084
0x4F,ゅ,original,0x82E3,U+3085
0x24,ゆ,original,0x82E4,U+3086
0x50,ょ,original,0x82E5,U+3087
0x25,よ,original,0x82E6,U+3088
0x26,ら,original,0x82E7,U+3089
0x27,り,original,0x82E8,U+308A
0x28,る,original,0x82E9,U+308B
0x29,れ,original,0x82EA,U+308C
0x2A,ろ,original,0x82EB,U+308D
0x2B,わ,original,0x82ED,U+308F
0x2C,を,original,0x82F0,U+3092
0x2D,ん,original,0x82F1,U+3093
0x51,一,private,0xF040,U+4E00
0x52,丁,private,0xF041,U+4E01
0x53,七,private,0xF042,U+4E03
0x54,万,private,0xF043,U+4E07
0x55,三,private,0xF044,U+4E09
0x56,上,private,0xF045,U+4E0A
0x57,下,private,0xF046,U+4E0B
0x58,不,private,0xF047,U+4E0D
0x59,与,private,0xF048,U+4E0E
0x5A,专,private,0xF049,U+4E13
0x5B,且,private,0xF04A,U+4E14
0x5C,世,private,0xF04B,U+4E16
0x5D,业,private,0xF04C,U+4E1A
0x5E,丛,private,0xF04D,U+4E1B
0x5F,东,private,0xF04E,U+4E1C
0x60,丝,private,0xF04F,U+4E1D
0x61,丢,private,0xF050,U+4E22
0x62,两,private,0xF051,U+4E24
0x63,严,private,0xF052,U+4E25
0x64,丧,private,0xF053,U+4E27
0x65,个,private,0xF054,U+4E2A
0x66,丫,private,0xF055,U+4E2B
0x67,中,private,0xF056,U+4E2D
0x68,丰,private,0xF057,U+4E30
0x69,串,private,0xF058,U+4E32
0x6A,临,private,0xF059,U+4E34
0x6B,丸,private,0xF05A,U+4E38
0x6C,为,private,0xF05B,U+4E3A
0x6D,主,private,0xF05C,U+4E3B
0x6E,丽,private,0xF05D,U+4E3D
0x6F,举,private,0xF05E,U+4E3E
0x70,久,private,0xF05F,U+4E45
0x71,么,private,0xF060,U+4E48
0x72,义,private,0xF061,U+4E49
0x73,之,private,0xF062,U+4E4B
0x74,乌,private,0xF063,U+4E4C
0x75,乎,private,0xF064,U+4E4E
0x76,乏,private,0xF065,U+4E4F
0x77,乐,private,0xF066,U+4E50
0x78,乖,private,0xF067,U+4E56
0x79,也,private,0xF068,U+4E5F
0x7A,习,private,0xF069,U+4E60
0x7B,乡,private,0xF06A,U+4E61
0x7C,书,private,0xF06B,U+4E66
0x7D,买,private,0xF06C,U+4E70
0x7E,乱,private,0xF06D,U+4E71
0x7F,乳,private,0xF06E,U+4E73
0x80,了,private,0xF06F,U+4E86
0x81,予,private,0xF070,U+4E88
0x82,争,private,0xF071,U+4E89
0x83,事,private,0xF072,U+4E8B
0x84,二,private,0xF073,U+4E8C
0x85,于,private,0xF074,U+4E8E
0x86,亏,private,0xF075,U+4E8F
0x87,云,private,0xF076,U+4E91
0x88,互,private,0xF077,U+4E92
0x89,五,private,0xF078,U+4E94
0x8A,井,private,0xF079,U+4E95
0x8B,亚,private,0xF07A,U+4E9A
0x8C,些,private,0xF07B,U+4E9B
0x8D,交,private,0xF07C,U+4EA4
0x8E,亦,private,0xF07D,U+4EA6
0x8F,产,private,0xF07E,U+4EA7
0x90,享,private,0xF080,U+4EAB
0x91,京,private,0xF081,U+4EAC
0x92,亮,private,0xF082,U+4EAE
0x93,亲,private,0xF083,U+4EB2
0x94,人,private,0xF084,U+4EBA
0x95,亿,private,0xF085,U+4EBF
0x96,什,private,0xF086,U+4EC0
0x97,仁,private,0xF087,U+4EC1
0x98,仅,private,0xF088,U+4EC5
0x99,仆,private,0xF089,U+4EC6
0x9A,仇,private,0xF08A,U+4EC7
0x9B,今,private,0xF08B,U+4ECA
0x9C,介,private,0xF08C,U+4ECB
0x9D,仍,private,0xF08D,U+4ECD
0x9E,从,private,0xF08E,U+4ECE
0x9F,仓,private,0xF08F,U+4ED3
0xA0,仔,private,0xF090,U+4ED4
0xA1,他,private,0xF091,U+4ED6
0xA2,付,private,0xF092,U+4ED8
0xA3,仙,private,0xF093,U+4ED9
0xA4,代,private,0xF094,U+4EE3
0xA5,令,private,0xF095,U+4EE4
0xA6,以,private,0xF096,U+4EE5
0xA7,仪,private,0xF097,U+4EEA
0xA8,们,private,0xF098,U+4EEC
0xA9,仰,private,0xF099,U+4EF0
0xAA,件,private,0xF09A,U+4EF6
0xAB,价,private,0xF09B,U+4EF7
0xAC,任,private,0xF09C,U+4EFB
0xAD,份,private,0xF09D,U+4EFD
0xAE,仿,private,0xF09E,U+4EFF
0xAF,企,private,0xF09F,U+4F01
0xB0,伊,private,0xF0A0,U+4F0A
0xB1,伍,private,0xF0A1,U+4F0D
0xB2,伏,private,0xF0A2,U+4F0F
0xB3,伐,private,0xF0A3,U+4F10
0xB4,休,private,0xF0A4,U+4F11
0xB5,众,private,0xF0A5,U+4F17
0xB6,优,private,0xF0A6,U+4F18
0xB7,伙,private,0xF0A7,U+4F19
0xB8,会,private,0xF0A8,U+4F1A
0xB9,伞,private,0xF0A9,U+4F1E
0xBA,伟,private,0xF0AA,U+4F1F
0xBB,传,private,0xF0AB,U+4F20
0xBC,伤,private,0xF0AC,U+4F24
0xBD,伦,private,0xF0AD,U+4F26
0xBE,伪,private,0xF0AE,U+4F2A
0xBF,估,private,0xF0AF,U+4F30
0xC0,伴,private,0xF0B0,U+4F34
0xC1,伸,private,0xF0B1,U+4F38
0xC2,似,private,0xF0B2,U+4F3C
0xC3,但,private,0xF0B3,U+4F46
0xC4,位,private,0xF0B4,U+4F4D
0xC5,低,private,0xF0B5,U+4F4E
0xC6,住,private,0xF0B6,U+4F4F
0xC7,佐,private,0xF0B7,U+4F50
0xC8,体,private,0xF0B8,U+4F53
0xC9,何,private,0xF0B9,U+4F55
0xCA,余,private,0xF0BA,U+4F59
0xCB,佛,private,0xF0BB,U+4F5B
0xCC,作,private,0xF0BC,U+4F5C
0xCD,你,private,0xF0BD,U+4F60
0xCE,佣,private,0xF0BE,U+4F63
0xCF,佩,private,0xF0BF,U+4F69
0xD0,佳,private,0xF0C0,U+4F73
0xD1,使,private,0xF0C1,U+4F7F
0xD2,侈,private,0xF0C2,U+4F88
0xD3,例,private,0xF0C3,U+4F8B
0xD4,供,private,0xF0C4,U+4F9B
0xD5,依,private,0xF0C5,U+4F9D
0xD6,侣,private,0xF0C6,U+4FA3
0xD7,侦,private,0xF0C7,U+4FA6
0xD8,侧,private,0xF0C8,U+4FA7
0xD9,侵,private,0xF0C9,U+4FB5
0xDA,便,private,0xF0CA,U+4FBF
0xDB,促,private,0xF0CB,U+4FC3
0xDC,俏,private,0xF0CC,U+4FCF
0xDD,俗,private,0xF0CD,U+4FD7
0xDE,保,private,0xF0CE,U+4FDD
0xDF,信,private,0xF0CF,U+4FE1
0xE0,俩,private,0xF0D0,U+4FE9
0xE1,修,private,0xF0D1,U+4FEE
0xE2,俯,private,0xF0D2,U+4FEF
0xE3,俱,private,0xF0D3,U+4FF1
0xE4,俺,private,0xF0D4,U+4FFA
0xE5,倍,private,0xF0D5,U+500D
0xE6,倒,private,0xF0D6,U+5012
0xE7,倔,private,0xF0D7,U+5014
0xE8,候,private,0xF0D8,U+5019
0xE9,借,private,0xF0D9,U+501F
0xEA,倦,private,0xF0DA,U+5026
0xEB,值,private,0xF0DB,U+503C
0xEC,倾,private,0xF0DC,U+503E
0xED,假,private,0xF0DD,U+5047
0xEE,偏,private,0xF0DE,U+504F
0xEF,做,private,0xF0DF,U+505A
0xF0,停,private,0xF0E0,U+505C
0xF1,健,private,0xF0E1,U+5065
0xF2,偶,private,0xF0E2,U+5076
0xF3,偷,private,0xF0E3,U+5077
0xF4,催,private,0xF0E4,U+50AC
0xF5,傲,private,0xF0E5,U+50B2
0xF6,傻,private,0xF0E6,U+50BB
0xF7,像,private,0xF0E7,U+50CF
0xF8,僵,private,0xF0E8,U+50F5
0xF9,儿,private,0xF0E9,U+513F
0xFA,允,private,0xF0EA,U+5141
0xFB,元,private,0xF0EB,U+5143
0xFC,兄,private,0xF0EC,U+5144
0xFD,充,private,0xF0ED,U+5145
0xFE,兆,private,0xF0EE,U+5146
0xFF,先,private,0xF0EF,U+5148
0x100,光,private,0xF0F0,U+5149
0x101,克,private,0xF0F1,U+514B
0x102,免,private,0xF0F2,U+514D
0x103,兔,private,0xF0F3,U+5154
0x104,兢,private,0xF0F4,U+5162
0x105,入,private,0xF0F5,U+5165
0x106,全,private,0xF0F6,U+5168
0x107,八,private,0xF0F7,U+516B
0x108,公,private,0xF0F8,U+516C
0x109,兮,private,0xF0F9,U+516E
0x10A,共,private,0xF0FA,U+5171
0x10B,关,private,0xF0FB,U+5173
0x10C,兴,private,0xF0FC,U+5174
0x10D,兵,private,0xF140,U+5175
0x10E,其,private,0xF141,U+5176
0x10F,具,private,0xF142,U+5177
0x110,典,private,0xF143,U+5178
0x111,养,private,0xF144,U+517B
0x112,兼,private,0xF145,U+517C
0x113,兽,private,0xF146,U+517D
0x114,冀,private,0xF147,U+5180
0x115,内,private,0xF148,U+5185
0x116,冈,private,0xF149,U+5188
0x117,册,private,0xF14A,U+518C
0x118,再,private,0xF14B,U+518D
0x119,冒,private,0xF14C,U+5192
0x11A,写,private,0xF14D,U+5199
0x11B,军,private,0xF14E,U+519B
0x11C,冠,private,0xF14F,U+51A0
0x11D,冤,private,0xF150,U+51A4
0x11E,冬,private,0xF151,U+51AC
0x11F,冰,private,0xF152,U+51B0
0x120,冲,private,0xF153,U+51B2
0x121,决,private,0xF154,U+51B3
0x122,况,private,0xF155,U+51B5
0x123,冷,private,0xF156,U+51B7
0x124,冻,private,0xF157,U+51BB
0x125,净,private,0xF158,U+51C0
0x126,准,private,0xF159,U+51C6
0x127,凉,private,0xF15A,U+51C9
0x128,凋,private,0xF15B,U+51CB
0x129,凌,private,0xF15C,U+51CC
0x12A,减,private,0xF15D,U+51CF
0x12B,凑,private,0xF15E,U+51D1
0x12C,凝,private,0xF15F,U+51DD
0x12D,几,private,0xF160,U+51E0
0x12E,凡,private,0xF161,U+51E1
0x12F,凭,private,0xF162,U+51ED
0x130,凶,private,0xF163,U+51F6
0x131,凸,private,0xF164,U+51F8
0x132,出,private,0xF165,U+51FA
0x133,击,private,0xF166,U+51FB
0x134,函,private,0xF167,U+51FD
0x135,刀,private,0xF168,U+5200
0x136,刁,private,0xF169,U+5201
0x137,刃,private,0xF16A,U+5203
0x138,分,private,0xF16B,U+5206
0x139,切,private,0xF16C,U+5207
0x13A,刊,private,0xF16D,U+520A
0x13B,刑,private,0xF16E,U+5211
0x13C,划,private,0xF16F,U+5212
0x13D,列,private,0xF170,U+5217
0x13E,则,private,0xF171,U+5219
0x13F,刚,private,0xF172,U+521A
0x140,创,private,0xF173,U+521B
0x141,初,private,0xF174,U+521D
0x142,删,private,0xF175,U+5220
0x143,判,private,0xF176,U+5224
0x144,利,private,0xF177,U+5229
0x145,别,private,0xF178,U+522B
0x146,刮,private,0xF179,U+522E
0x147,到,private,0xF17A,U+5230
0x148,制,private,0xF17B,U+5236
0x149,刷,private,0xF17C,U+5237
0x14A,券,private,0xF17D,U+5238
0x14B,刺,private,0xF17E,U+523A
0x14C,刻,private,0xF180,U+523B
0x14D,剂,private,0xF181,U+5242
0x14E,前,private,0xF182,U+524D
0x14F,剑,private,0xF183,U+5251
0x150,剔,private,0xF184,U+5254
0x151,剖,private,0xF185,U+5256
0x152,剧,private,0xF186,U+5267
0x153,剩,private,0xF187,U+5269
0x154,剪,private,0xF188,U+526A
0x155,副,private,0xF189,U+526F
0x156,劈,private,0xF18A,U+5288
0x157,力,private,0xF18B,U+529B
0x158,劝,private,0xF18C,U+529D
0x159,办,private,0xF18D,U+529E
0x15A,功,private,0xF18E,U+529F
0x15B,加,private,0xF18F,U+52A0
0x15C,务,private,0xF190,U+52A1
0x15D,劣,private,0xF191,U+52A3
0x15E,动,private,0xF192,U+52A8
0x15F,助,private,0xF193,U+52A9
0x160,努,private,0xF194,U+52AA
0x161,励,private,0xF195,U+52B1
0x162,劲,private,0xF196,U+52B2
0x163,劳,private,0xF197,U+52B3
0x164,势,private,0xF198,U+52BF
0x165,勃,private,0xF199,U+52C3
0x166,勇,private,0xF19A,U+52C7
0x167,勉,private,0xF19B,U+52C9
0x168,勒,private,0xF19C,U+52D2
0x169,募,private,0xF19D,U+52DF
0x16A,勤,private,0xF19E,U+52E4
0x16B,勾,private,0xF19F,U+52FE
0x16C,匀,private,0xF1A0,U+5300
0x16D,包,private,0xF1A1,U+5305
0x16E,匆,private,0xF1A2,U+5306
0x16F,化,private,0xF1A3,U+5316
0x170,北,private,0xF1A4,U+5317
0x171,匹,private,0xF1A5,U+5339
0x172,区,private,0xF1A6,U+533A
0x173,医,private,0xF1A7,U+533B
0x174,十,private,0xF1A8,U+5341
0x175,千,private,0xF1A9,U+5343
0x176,升,private,0xF1AA,U+5347
0x177,午,private,0xF1AB,U+5348
0x178,卉,private,0xF1AC,U+5349
0x179,半,private,0xF1AD,U+534A
0x17A,华,private,0xF1AE,U+534E
0x17B,协,private,0xF1AF,U+534F
0x17C,卑,private,0xF1B0,U+5351
0x17D,单,private,0xF1B1,U+5355
0x17E,卖,private,0xF1B2,U+5356
0x17F,南,private,0xF1B3,U+5357
0x180,博,private,0xF1B4,U+535A
0x181,卜,private,0xF1B5,U+535C
0x182,卟,private,0xF1B6,U+535F
0x183,占,private,0xF1B7,U+5360
0x184,卡,private,0xF1B8,U+5361
0x185,卧,private,0xF1B9,U+5367
0x186,卫,private,0xF1BA,U+536B
0x187,印,private,0xF1BB,U+5370
0x188,危,private,0xF1BC,U+5371
0x189,即,private,0xF1BD,U+5373
0x18A,却,private,0xF1BE,U+5374
0x18B,卵,private,0xF1BF,U+5375
0x18C,卷,private,0xF1C0,U+5377
0x18D,厂,private,0xF1C1,U+5382
0x18E,厅,private,0xF1C2,U+5385
0x18F,历,private,0xF1C3,U+5386
0x190,厉,private,0xF1C4,U+5389
0x191,压,private,0xF1C5,U+538B
0x192,厌,private,0xF1C6,U+538C
0x193,厕,private,0xF1C7,U+5395
0x194,厚,private,0xF1C8,U+539A
0x195,原,private,0xF1C9,U+539F
0x196,厢,private,0xF1CA,U+53A2
0x197,厨,private,0xF1CB,U+53A8
0x198,去,private,0xF1CC,U+53BB
0x199,县,private,0xF1CD,U+53BF
0x19A,参,private,0xF1CE,U+53C2
0x19B,又,private,0xF1CF,U+53C8
0x19C,叉,private,0xF1D0,U+53C9
0x19D,及,private,0xF1D1,U+53CA
0x19E,友,private,0xF1D2,U+53CB
0x19F,双,private,0xF1D3,U+53CC
0x1A0,反,private,0xF1D4,U+53CD
0x1A1,发,private,0xF1D5,U+53D1
0x1A2,叔,private,0xF1D6,U+53D4
0x1A3,取,private,0xF1D7,U+53D6
0x1A4,受,private,0xF1D8,U+53D7
0x1A5,变,private,0xF1D9,U+53D8
0x1A6,叙,private,0xF1DA,U+53D9
0x1A7,叛,private,0xF1DB,U+53DB
0x1A8,叠,private,0xF1DC,U+53E0
0x1A9,口,private,0xF1DD,U+53E3
0x1AA,古,private,0xF1DE,U+53E4
0x1AB,句,private,0xF1DF,U+53E5
0x1AC,另,private,0xF1E0,U+53E6
0x1AD,叨,private,0xF1E1,U+53E8
0x1AE,只,private,0xF1E2,U+53EA
0x1AF,叫,private,0xF1E3,U+53EB
0x1B0,召,private,0xF1E4,U+53EC
0x1B1,叭,private,0xF1E5,U+53ED
0x1B2,叮,private,0xF1E6,U+53EE
0x1B3,可,private,0xF1E7,U+53EF
0x1B4,台,private,0xF1E8,U+53F0
0x1B5,史,private,0xF1E9,U+53F2
0x1B6,右,private,0xF1EA,U+53F3
0x1B7,叶,private,0xF1EB,U+53F6
0x1B8,号,private,0xF1EC,U+53F7
0x1B9,司,private,0xF1ED,U+53F8
0x1BA,叹,private,0xF1EE,U+53F9
0x1BB,叽,private,0xF1EF,U+53FD
0x1BC,吃,private,0xF1F0,U+5403
0x1BD,各,private,0xF1F1,U+5404
0x1BE,吆,private,0xF1F2,U+5406
0x1BF,合,private,0xF1F3,U+5408
0x1C0,吉,private,0xF1F4,U+5409
0x1C1,吊,private,0xF1F5,U+540A
0x1C2,同,private,0xF1F6,U+540C
0x1C3,名,private,0xF1F7,U+540D
0x1C4,后,private,0xF1F8,U+540E
0x1C5,吐,private,0xF1F9,U+5410
0x1C6,向,private,0xF1FA,U+5411
0x1C7,吓,private,0xF1FB,U+5413
0x1C8,吗,private,0xF1FC,U+5417
0x1C9,君,private,0xF240,U+541B
0x1CA,吞,private,0xF241,U+541E
0x1CB,吡,private,0xF242,U+5421
0x1CC,否,private,0xF243,U+5426
0x1CD,吧,private,0xF244,U+5427
0x1CE,吩,private,0xF245,U+5429
0x1CF,含,private,0xF246,U+542B
0x1D0,听,private,0xF247,U+542C
0x1D1,启,private,0xF248,U+542F
0x1D2,吱,private,0xF249,U+5431
0x1D3,吵,private,0xF24A,U+5435
0x1D4,吸,private,0xF24B,U+5438
0x1D5,吹,private,0xF24C,U+5439
0x1D6,吻,private,0xF24D,U+543B
0x1D7,吼,private,0xF24E,U+543C
0x1D8,呀,private,0xF24F,U+5440
0x1D9,呃,private,0xF250,U+5443
0x1DA,呆,private,0xF251,U+5446
0x1DB,告,private,0xF252,U+544A
0x1DC,呐,private,0xF253,U+5450
0x1DD,呕,private,0xF254,U+5455
0x1DE,员,private,0xF255,U+5458
0x1DF,呜,private,0xF256,U+545C
0x1E0,呢,private,0xF257,U+5462
0x1E1,呦,private,0xF258,U+5466
0x1E2,周,private,0xF259,U+5468
0x1E3,味,private,0xF25A,U+5473
0x1E4,呵,private,0xF25B,U+5475
0x1E5,呸,private,0xF25C,U+5478
0x1E6,呼,private,0xF25D,U+547C
0x1E7,命,private,0xF25E,U+547D
0x1E8,和,private,0xF25F,U+548C
0x1E9,咐,private,0xF260,U+5490
0x1EA,咒,private,0xF261,U+5492
0x1EB,咔,private,0xF262,U+5494
0x1EC,咕,private,0xF263,U+5495
0x1ED,咖,private,0xF264,U+5496
0x1EE,咙,private,0xF265,U+5499
0x1EF,咚,private,0xF266,U+549A
0x1F0,咣,private,0xF267,U+54A3
0x1F1,咦,private,0xF268,U+54A6
0x1F2,咧,private,0xF269,U+54A7
0x1F3,咪,private,0xF26A,U+54AA
0x1F4,咬,private,0xF26B,U+54AC
0x1F5,咯,private,0xF26C,U+54AF
0x1F6,咱,private,0xF26D,U+54B1
0x1F7,咳,private,0xF26E,U+54B3
0x1F8,咻,private,0xF26F,U+54BB
0x1F9,咽,private,0xF270,U+54BD
0x1FA,咿,private,0xF271,U+54BF
0x1FB,品,private,0xF272,U+54C1
0x1FC,哇,private,0xF273,U+54C7
0x1FD,哈,private,0xF274,U+54C8
0x1FE,哉,private,0xF275,U+54C9
0x1FF,响,private,0xF276,U+54CD
0x200,哎,private,0xF277,U+54CE
0x201,哐,private,0xF278,U+54D0
0x202,哑,private,0xF279,U+54D1
0x203,哒,private,0xF27A,U+54D2
0x204,哔,private,0xF27B,U+54D4
0x205,哗,private,0xF27C,U+54D7
0x206,哝,private,0xF27D,U+54DD
0x207,哟,private,0xF27E,U+54DF
0x208,哥,private,0xF280,U+54E5
0x209,哦,private,0xF281,U+54E6
0x20A,哧,private,0xF282,U+54E7
0x20B,哨,private,0xF283,U+54E8
0x20C,哩,private,0xF284,U+54E9
0x20D,哪,private,0xF285,U+54EA
0x20E,哭,private,0xF286,U+54ED
0x20F,哲,private,0xF287,U+54F2
0x210,哺,private,0xF288,U+54FA
0x211,哼,private,0xF289,U+54FC
0x212,唇,private,0xF28A,U+5507
0x213,唉,private,0xF28B,U+5509
0x214,唐,private,0xF28C,U+5510
0x215,唔,private,0xF28D,U+5514
0x216,唤,private,0xF28E,U+5524
0x217,唧,private,0xF28F,U+5527
0x218,唬,private,0xF290,U+552C
0x219,售,private,0xF291,U+552E
0x21A,唯,private,0xF292,U+552F
0x21B,唰,private,0xF293,U+5530
0x21C,唱,private,0xF294,U+5531
0x21D,唷,private,0xF295,U+5537
0x21E,商,private,0xF296,U+5546
0x21F,啊,private,0xF297,U+554A
0x220,啡,private,0xF298,U+5561
0x221,啥,private,0xF299,U+5565
0x222,啦,private,0xF29A,U+5566
0x223,啧,private,0xF29B,U+5567
0x224,啪,private,0xF29C,U+556A
0x225,啰,private,0xF29D,U+5570
0x226,啵,private,0xF29E,U+5575
0x227,啾,private,0xF29F,U+557E
0x228,喀,private,0xF2A0,U+5580
0x229,喂,private,0xF2A1,U+5582
0x22A,善,private,0xF2A2,U+5584
0x22B,喉,private,0xF2A3,U+5589
0x22C,喊,private,0xF2A4,U+558A
0x22D,喔,private,0xF2A5,U+5594
0x22E,喘,private,0xF2A6,U+5598
0x22F,喙,private,0xF2A7,U+5599
0x230,喜,private,0xF2A8,U+559C
0x231,喝,private,0xF2A9,U+559D
0x232,喱,private,0xF2AA,U+55B1
0x233,喳,private,0xF2AB,U+55B3
0x234,喵,private,0xF2AC,U+55B5
0x235,喷,private,0xF2AD,U+55B7
0x236,喻,private,0xF2AE,U+55BB
0x237,喽,private,0xF2AF,U+55BD
0x238,嗅,private,0xF2B0,U+55C5
0x239,嗒,private,0xF2B1,U+55D2
0x23A,嗓,private,0xF2B2,U+55D3
0x23B,嗖,private,0xF2B3,U+55D6
0x23C,嗜,private,0xF2B4,U+55DC
0x23D,嗝,private,0xF2B5,U+55DD
0x23E,嗡,private,0xF2B6,U+55E1
0x23F,嗦,private,0xF2B7,U+55E6
0x240,嗨,private,0xF2B8,U+55E8
0x241,嗬,private,0xF2B9,U+55EC
0x242,嗯,private,0xF2BA,U+55EF
0x243,嗵,private,0xF2BB,U+55F5
0x244,嗷,private,0xF2BC,U+55F7
0x245,嗽,private,0xF2BD,U+55FD
0x246,嘀,private,0xF2BE,U+5600
0x247,嘉,private,0xF2BF,U+5609
0x248,嘎,private,0xF2C0,U+560E
0x249,嘛,private,0xF2C1,U+561B
0x24A,嘞,private,0xF2C2,U+561E
0x24B,嘟,private,0xF2C3,U+561F
0x24C,嘣,private,0xF2C4,U+5623
0x24D,嘲,private,0xF2C5,U+5632
0x24E,嘴,private,0xF2C6,U+5634
0x24F,嘶,private,0xF2C7,U+5636
0x250,嘻,private,0xF2C8,U+563B
0x251,嘿,private,0xF2C9,U+563F
0x252,噌,private,0xF2CA,U+564C
0x253,噔,private,0xF2CB,U+5654
0x254,噗,private,0xF2CC,U+5657
0x255,噜,private,0xF2CD,U+565C
0x256,噢,private,0xF2CE,U+5662
0x257,器,private,0xF2CF,U+5668
0x258,噫,private,0xF2D0,U+566B
0x259,噬,private,0xF2D1,U+566C
0x25A,噶,private,0xF2D2,U+5676
0x25B,噻,private,0xF2D3,U+567B
0x25C,噼,private,0xF2D4,U+567C
0x25D,嚏,private,0xF2D5,U+568F
0x25E,嚓,private,0xF2D6,U+5693
0x25F,嚣,private,0xF2D7,U+56A3
0x260,嚯,private,0xF2D8,U+56AF
0x261,嚼,private,0xF2D9,U+56BC
0x262,囊,private,0xF2DA,U+56CA
0x263,囚,private,0xF2DB,U+56DA
0x264,四,private,0xF2DC,U+56DB
0x265,回,private,0xF2DD,U+56DE
0x266,因,private,0xF2DE,U+56E0
0x267,团,private,0xF2DF,U+56E2
0x268,园,private,0xF2E0,U+56ED
0x269,困,private,0xF2E1,U+56F0
0x26A,围,private,0xF2E2,U+56F4
0x26B,固,private,0xF2E3,U+56FA
0x26C,国,private,0xF2E4,U+56FD
0x26D,图,private,0xF2E5,U+56FE
0x26E,圆,private,0xF2E6,U+5706
0x26F,圈,private,0xF2E7,U+5708
0x270,土,private,0xF2E8,U+571F
0x271,圣,private,0xF2E9,U+5723
0x272,在,private,0xF2EA,U+5728
0x273,地,private,0xF2EB,U+5730
0x274,场,private,0xF2EC,U+573A
0x275,圾,private,0xF2ED,U+573E
0x276,址,private,0xF2EE,U+5740
0x277,坂,private,0xF2EF,U+5742
0x278,均,private,0xF2F0,U+5747
0x279,坏,private,0xF2F1,U+574F
0x27A,坐,private,0xF2F2,U+5750
0x27B,坑,private,0xF2F3,U+5751
0x27C,块,private,0xF2F4,U+5757
0x27D,坚,private,0xF2F5,U+575A
0x27E,坛,private,0xF2F6,U+575B
0x27F,坝,private,0xF2F7,U+575D
0x280,坠,private,0xF2F8,U+5760
0x281,坡,private,0xF2F9,U+5761
0x282,坦,private,0xF2FA,U+5766
0x283,垂,private,0xF2FB,U+5782
0x284,垃,private,0xF2FC,U+5783
0x285,型,private,0xF340,U+578B
0x286,垒,private,0xF341,U+5792
0x287,垫,private,0xF342,U+57AB
0x288,垮,private,0xF343,U+57AE
0x289,埋,private,0xF344,U+57CB
0x28A,城,private,0xF345,U+57CE
0x28B,域,private,0xF346,U+57DF
0x28C,培,private,0xF347,U+57F9
0x28D,基,private,0xF348,U+57FA
0x28E,埼,private,0xF349,U+57FC
0x28F,堂,private,0xF34A,U+5802
0x290,堆,private,0xF34B,U+5806
0x291,堕,private,0xF34C,U+5815
0x292,堤,private,0xF34D,U+5824
0x293,堪,private,0xF34E,U+582A
0x294,堵,private,0xF34F,U+5835
0x295,塌,private,0xF350,U+584C
0x296,塑,private,0xF351,U+5851
0x297,塔,private,0xF352,U+5854
0x298,塞,private,0xF353,U+585E
0x299,填,private,0xF354,U+586B
0x29A,塾,private,0xF355,U+587E
0x29B,境,private,0xF356,U+5883
0x29C,墙,private,0xF357,U+5899
0x29D,增,private,0xF358,U+589E
0x29E,壁,private,0xF359,U+58C1
0x29F,士,private,0xF35A,U+58EB
0x2A0,壮,private,0xF35B,U+58EE
0x2A1,声,private,0xF35C,U+58F0
0x2A2,壶,private,0xF35D,U+58F6
0x2A3,处,private,0xF35E,U+5904
0x2A4,备,private,0xF35F,U+5907
0x2A5,复,private,0xF360,U+590D
0x2A6,夕,private,0xF361,U+5915
0x2A7,外,private,0xF362,U+5916
0x2A8,多,private,0xF363,U+591A
0x2A9,夜,private,0xF364,U+591C
0x2AA,够,private,0xF365,U+591F
0x2AB,大,private,0xF366,U+5927
0x2AC,天,private,0xF367,U+5929
0x2AD,太,private,0xF368,U+592A
0x2AE,夫,private,0xF369,U+592B
0x2AF,失,private,0xF36A,U+5931
0x2B0,头,private,0xF36B,U+5934
0x2B1,夷,private,0xF36C,U+5937
0x2B2,夸,private,0xF36D,U+5938
0x2B3,夹,private,0xF36E,U+5939
0x2B4,夺,private,0xF36F,U+593A
0x2B5,奇,private,0xF370,U+5947
0x2B6,奈,private,0xF371,U+5948
0x2B7,奉,private,0xF372,U+5949
0x2B8,奋,private,0xF373,U+594B
0x2B9,奏,private,0xF374,U+594F
0x2BA,契,private,0xF375,U+5951
0x2BB,奔,private,0xF376,U+5954
0x2BC,奖,private,0xF377,U+5956
0x2BD,套,private,0xF378,U+5957
0x2BE,奢,private,0xF379,U+5962
0x2BF,奥,private,0xF37A,U+5965
0x2C0,女,private,0xF37B,U+5973
0x2C1,奶,private,0xF37C,U+5976
0x2C2,她,private,0xF37D,U+5979
0x2C3,好,private,0xF37E,U+597D
0x2C4,如,private,0xF380,U+5982
0x2C5,妄,private,0xF381,U+5984
0x2C6,妆,private,0xF382,U+5986
0x2C7,妇,private,0xF383,U+5987
0x2C8,妈,private,0xF384,U+5988
0x2C9,妒,private,0xF385,U+5992
0x2CA,妖,private,0xF386,U+5996
0x2CB,妙,private,0xF387,U+5999
0x2CC,妥,private,0xF388,U+59A5
0x2CD,妨,private,0xF389,U+59A8
0x2CE,妹,private,0xF38A,U+59B9
0x2CF,姆,private,0xF38B,U+59C6
0x2D0,始,private,0xF38C,U+59CB
0x2D1,姐,private,0xF38D,U+59D0
0x2D2,姑,private,0xF38E,U+59D1
0x2D3,姓,private,0xF38F,U+59D3
0x2D4,委,private,0xF390,U+59D4
0x2D5,姥,private,0xF391,U+59E5
0x2D6,姨,private,0xF392,U+59E8
0x2D7,姿,private,0xF393,U+59FF
0x2D8,威,private,0xF394,U+5A01
0x2D9,娃,private,0xF395,U+5A03
0x2DA,娇,private,0xF396,U+5A07
0x2DB,娘,private,0xF397,U+5A18
0x2DC,娱,private,0xF398,U+5A31
0x2DD,娶,private,0xF399,U+5A36
0x2DE,婆,private,0xF39A,U+5A46
0x2DF,婉,private,0xF39B,U+5A49
0x2E0,婚,private,0xF39C,U+5A5A
0x2E1,婴,private,0xF39D,U+5A74
0x2E2,媒,private,0xF39E,U+5A92
0x2E3,媛,private,0xF39F,U+5A9B
0x2E4,嫉,private,0xF3A0,U+5AC9
0x2E5,嫌,private,0xF3A1,U+5ACC
0x2E6,嫩,private,0xF3A2,U+5AE9
0x2E7,子,private,0xF3A3,U+5B50
0x2E8,孔,private,0xF3A4,U+5B54
0x2E9,字,private,0xF3A5,U+5B57
0x2EA,存,private,0xF3A6,U+5B58
0x2EB,季,private,0xF3A7,U+5B63
0x2EC,孤,private,0xF3A8,U+5B64
0x2ED,学,private,0xF3A9,U+5B66
0x2EE,孩,private,0xF3AA,U+5B69
0x2EF,孽,private,0xF3AB,U+5B7D
0x2F0,宁,private,0xF3AC,U+5B81
0x2F1,它,private,0xF3AD,U+5B83
0x2F2,宅,private,0xF3AE,U+5B85
0x2F3,宇,private,0xF3AF,U+5B87
0x2F4,守,private,0xF3B0,U+5B88
0x2F5,安,private,0xF3B1,U+5B89
0x2F6,完,private,0xF3B2,U+5B8C
0x2F7,宏,private,0xF3B3,U+5B8F
0x2F8,官,private,0xF3B4,U+5B98
0x2F9,宙,private,0xF3B5,U+5B99
0x2FA,定,private,0xF3B6,U+5B9A
0x2FB,宜,private,0xF3B7,U+5B9C
0x2FC,宝,private,0xF3B8,U+5B9D
0x2FD,实,private,0xF3B9,U+5B9E
0x2FE,宠,private,0xF3BA,U+5BA0
0x2FF,审,private,0xF3BB,U+5BA1
0x300,客,private,0xF3BC,U+5BA2
0x301,宣,private,0xF3BD,U+5BA3
0x302,室,private,0xF3BE,U+5BA4
0x303,宫,private,0xF3BF,U+5BAB
0x304,害,private,0xF3C0,U+5BB3
0x305,宵,private,0xF3C1,U+5BB5
0x306,家,private,0xF3C2,U+5BB6
0x307,容,private,0xF3C3,U+5BB9
0x308,宽,private,0xF3C4,U+5BBD
0x309,宾,private,0xF3C5,U+5BBE
0x30A,宿,private,0xF3C6,U+5BBF
0x30B,寂,private,0xF3C7,U+5BC2
0x30C,寄,private,0xF3C8,U+5BC4
0x30D,密,private,0xF3C9,U+5BC6
0x30E,富,private,0xF3CA,U+5BCC
0x30F,寐,private,0xF3CB,U+5BD0
0x310,寒,private,0xF3CC,U+5BD2
0x311,寞,private,0xF3CD,U+5BDE
0x312,察,private,0xF3CE,U+5BDF
0x313,寡,private,0xF3CF,U+5BE1
0x314,寸,private,0xF3D0,U+5BF8
0x315,对,private,0xF3D1,U+5BF9
0x316,寺,private,0xF3D2,U+5BFA
0x317,寻,private,0xF3D3,U+5BFB
0x318,导,private,0xF3D4,U+5BFC
0x319,寿,private,0xF3D5,U+5BFF
0x31A,封,private,0xF3D6,U+5C01
0x31B,将,private,0xF3D7,U+5C06
0x31C,尊,private,0xF3D8,U+5C0A
0x31D,小,private,0xF3D9,U+5C0F
0x31E,少,private,0xF3DA,U+5C11
0x31F,尔,private,0xF3DB,U+5C14
0x320,尖,private,0xF3DC,U+5C16
0x321,尘,private,0xF3DD,U+5C18
0x322,尚,private,0xF3DE,U+5C1A
0x323,尝,private,0xF3DF,U+5C1D
0x324,尤,private,0xF3E0,U+5C24
0x325,尬,private,0xF3E1,U+5C2C
0x326,就,private,0xF3E2,U+5C31
0x327,尴,private,0xF3E3,U+5C34
0x328,尸,private,0xF3E4,U+5C38
0x329,尼,private,0xF3E5,U+5C3C
0x32A,尽,private,0xF3E6,U+5C3D
0x32B,尾,private,0xF3E7,U+5C3E
0x32C,尿,private,0xF3E8,U+5C3F
0x32D,局,private,0xF3E9,U+5C40
0x32E,屁,private,0xF3EA,U+5C41
0x32F,层,private,0xF3EB,U+5C42
0x330,居,private,0xF3EC,U+5C45
0x331,屈,private,0xF3ED,U+5C48
0x332,届,private,0xF3EE,U+5C4A
0x333,屋,private,0xF3EF,U+5C4B
0x334,屏,private,0xF3F0,U+5C4F
0x335,展,private,0xF3F1,U+5C55
0x336,属,private,0xF3F2,U+5C5E
0x337,山,private,0xF3F3,U+5C71
0x338,屿,private,0xF3F4,U+5C7F
0x339,岁,private,0xF3F5,U+5C81
0x33A,岂,private,0xF3F6,U+5C82
0x33B,岐,private,0xF3F7,U+5C90
0x33C,岔,private,0xF3F8,U+5C94
0x33D,岚,private,0xF3F9,U+5C9A
0x33E,岛,private,0xF3FA,U+5C9B
0x33F,岩,private,0xF3FB,U+5CA9
0x340,岸,private,0xF3FC,U+5CB8
0x341,峡,private,0xF440,U+5CE1
0x342,峦,private,0xF441,U+5CE6
0x343,峰,private,0xF442,U+5CF0
0x344,峻,private,0xF443,U+5CFB
0x345,崇,private,0xF444,U+5D07
0x346,崎,private,0xF445,U+5D0E
0x347,崩,private,0xF446,U+5D29
0x348,崭,private,0xF447,U+5D2D
0x349,巅,private,0xF448,U+5DC5
0x34A,巍,private,0xF449,U+5DCD
0x34B,川,private,0xF44A,U+5DDD
0x34C,巡,private,0xF44B,U+5DE1
0x34D,工,private,0xF44C,U+5DE5
0x34E,左,private,0xF44D,U+5DE6
0x34F,巧,private,0xF44E,U+5DE7
0x350,巨,private,0xF44F,U+5DE8
0x351,巫,private,0xF450,U+5DEB
0x352,差,private,0xF451,U+5DEE
0x353,己,private,0xF452,U+5DF1
0x354,已,private,0xF453,U+5DF2
0x355,巴,private,0xF454,U+5DF4
0x356,巾,private,0xF455,U+5DFE
0x357,市,private,0xF456,U+5E02
0x358,布,private,0xF457,U+5E03
0x359,帅,private,0xF458,U+5E05
0x35A,师,private,0xF459,U+5E08
0x35B,希,private,0xF45A,U+5E0C
0x35C,帐,private,0xF45B,U+5E10
0x35D,帕,private,0xF45C,U+5E15
0x35E,帖,private,0xF45D,U+5E16
0x35F,帘,private,0xF45E,U+5E18
0x360,帝,private,0xF45F,U+5E1D
0x361,带,private,0xF460,U+5E26
0x362,席,private,0xF461,U+5E2D
0x363,帮,private,0xF462,U+5E2E
0x364,帷,private,0xF463,U+5E37
0x365,常,private,0xF464,U+5E38
0x366,帽,private,0xF465,U+5E3D
0x367,幅,private,0xF466,U+5E45
0x368,幕,private,0xF467,U+5E55
0x369,干,private,0xF468,U+5E72
0x36A,平,private,0xF469,U+5E73
0x36B,年,private,0xF46A,U+5E74
0x36C,并,private,0xF46B,U+5E76
0x36D,幸,private,0xF46C,U+5E78
0x36E,幻,private,0xF46D,U+5E7B
0x36F,幽,private,0xF46E,U+5E7D
0x370,广,private,0xF46F,U+5E7F
0x371,庆,private,0xF470,U+5E86
0x372,床,private,0xF471,U+5E8A
0x373,序,private,0xF472,U+5E8F
0x374,库,private,0xF473,U+5E93
0x375,应,private,0xF474,U+5E94
0x376,底,private,0xF475,U+5E95
0x377,店,private,0xF476,U+5E97
0x378,府,private,0xF477,U+5E9C
0x379,废,private,0xF478,U+5E9F
0x37A,度,private,0xF479,U+5EA6
0x37B,座,private,0xF47A,U+5EA7
0x37C,庭,private,0xF47B,U+5EAD
0x37D,康,private,0xF47C,U+5EB7
0x37E,延,private,0xF47D,U+5EF6
0x37F,建,private,0xF47E,U+5EFA
0x380,开,private,0xF480,U+5F00
0x381,异,private,0xF481,U+5F02
0x382,弃,private,0xF482,U+5F03
0x383,弄,private,0xF483,U+5F04
0x384,弊,private,0xF484,U+5F0A
0x385,式,private,0xF485,U+5F0F
0x386,弓,private,0xF486,U+5F13
0x387,引,private,0xF487,U+5F15
0x388,弗,private,0xF488,U+5F17
0x389,弟,private,0xF489,U+5F1F
0x38A,张,private,0xF48A,U+5F20
0x38B,弥,private,0xF48B,U+5F25
0x38C,弯,private,0xF48C,U+5F2F
0x38D,弱,private,0xF48D,U+5F31
0x38E,弹,private,0xF48E,U+5F39
0x38F,强,private,0xF48F,U+5F3A
0x390,归,private,0xF490,U+5F52
0x391,当,private,0xF491,U+5F53
0x392,录,private,0xF492,U+5F55
0x393,彗,private,0xF493,U+5F57
0x394,彡,private,0xF494,U+5F61
0x395,形,private,0xF495,U+5F62
0x396,彩,private,0xF496,U+5F69
0x397,彬,private,0xF497,U+5F6C
0x398,彰,private,0xF498,U+5F70
0x399,影,private,0xF499,U+5F71
0x39A,役,private,0xF49A,U+5F79
0x39B,彻,private,0xF49B,U+5F7B
0x39C,彼,private,0xF49C,U+5F7C
0x39D,往,private,0xF49D,U+5F80
0x39E,征,private,0xF49E,U+5F81
0x39F,径,private,0xF49F,U+5F84
0x3A0,待,private,0xF4A0,U+5F85
0x3A1,很,private,0xF4A1,U+5F88
0x3A2,律,private,0xF4A2,U+5F8B
0x3A3,徒,private,0xF4A3,U+5F92
0x3A4,得,private,0xF4A4,U+5F97
0x3A5,循,private,0xF4A5,U+5FAA
0x3A6,微,private,0xF4A6,U+5FAE
0x3A7,德,private,0xF4A7,U+5FB7
0x3A8,心,private,0xF4A8,U+5FC3
0x3A9,必,private,0xF4A9,U+5FC5
0x3AA,忆,private,0xF4AA,U+5FC6
0x3AB,忌,private,0xF4AB,U+5FCC
0x3AC,忍,private,0xF4AC,U+5FCD
0x3AD,忐,private,0xF4AD,U+5FD0
0x3AE,忑,private,0xF4AE,U+5FD1
0x3AF,志,private,0xF4AF,U+5FD7
0x3B0,忘,private,0xF4B0,U+5FD8
0x3B1,忙,private,0xF4B1,U+5FD9
0x3B2,忠,private,0xF4B2,U+5FE0
0x3B3,忧,private,0xF4B3,U+5FE7
0x3B4,快,private,0xF4B4,U+5FEB
0x3B5,念,private,0xF4B5,U+5FF5
0x3B6,忽,private,0xF4B6,U+5FFD
0x3B7,怀,private,0xF4B7,U+6000
0x3B8,态,private,0xF4B8,U+6001
0x3B9,怂,private,0xF4B9,U+6002
0x3BA,怎,private,0xF4BA,U+600E
0x3BB,怒,private,0xF4BB,U+6012
0x3BC,怕,private,0xF4BC,U+6015
0x3BD,怖,private,0xF4BD,U+6016
0x3BE,怜,private,0xF4BE,U+601C
0x3BF,思,private,0xF4BF,U+601D
0x3C0,怠,private,0xF4C0,U+6020
0x3C1,急,private,0xF4C1,U+6025
0x3C2,怦,private,0xF4C2,U+6026
0x3C3,性,private,0xF4C3,U+6027
0x3C4,怨,private,0xF4C4,U+6028
0x3C5,怪,private,0xF4C5,U+602A
0x3C6,怯,private,0xF4C6,U+602F
0x3C7,总,private,0xF4C7,U+603B
0x3C8,恋,private,0xF4C8,U+604B
0x3C9,恐,private,0xF4C9,U+6050
0x3CA,恒,private,0xF4CA,U+6052
0x3CB,恕,private,0xF4CB,U+6055
0x3CC,恢,private,0xF4CC,U+6062
0x3CD,恤,private,0xF4CD,U+6064
0x3CE,恨,private,0xF4CE,U+6068
0x3CF,恩,private,0xF4CF,U+6069
0x3D0,恭,private,0xF4D0,U+606D
0x3D1,息,private,0xF4D1,U+606F
0x3D2,恰,private,0xF4D2,U+6070
0x3D3,恳,private,0xF4D3,U+6073
0x3D4,恶,private,0xF4D4,U+6076
0x3D5,恼,private,0xF4D5,U+607C
0x3D6,悄,private,0xF4D6,U+6084
0x3D7,悉,private,0xF4D7,U+6089
0x3D8,悔,private,0xF4D8,U+6094
0x3D9,悟,private,0xF4D9,U+609F
0x3DA,悠,private,0xF4DA,U+60A0
0x3DB,悦,private,0xF4DB,U+60A6
0x3DC,您,private,0xF4DC,U+60A8
0x3DD,悬,private,0xF4DD,U+60AC
0x3DE,悲,private,0xF4DE,U+60B2
0x3DF,悸,private,0xF4DF,U+60B8
0x3E0,情,private,0xF4E0,U+60C5
0x3E1,惊,private,0xF4E1,U+60CA
0x3E2,惑,private,0xF4E2,U+60D1
0x3E3,惕,private,0xF4E3,U+60D5
0x3E4,惜,private,0xF4E4,U+60DC
0x3E5,惠,private,0xF4E5,U+60E0
0x3E6,惦,private,0xF4E6,U+60E6
0x3E7,惧,private,0xF4E7,U+60E7
0x3E8,惨,private,0xF4E8,U+60E8
0x3E9,惩,private,0xF4E9,U+60E9
0x3EA,惬,private,0xF4EA,U+60EC
0x3EB,惯,private,0xF4EB,U+60EF
0x3EC,想,private,0xF4EC,U+60F3
0x3ED,惹,private,0xF4ED,U+60F9
0x3EE,愁,private,0xF4EE,U+6101
0x3EF,愈,private,0xF4EF,U+6108
0x3F0,愉,private,0xF4F0,U+6109
0x3F1,意,private,0xF4F1,U+610F
0x3F2,愛,private,0xF4F2,U+611B
0x3F3,感,private,0xF4F3,U+611F
0x3F4,愣,private,0xF4F4,U+6123
0x3F5,愤,private,0xF4F5,U+6124
0x3F6,愧,private,0xF4F6,U+6127
0x3F7,愿,private,0xF4F7,U+613F
0x3F8,慈,private,0xF4F8,U+6148
0x3F9,慌,private,0xF4F9,U+614C
0x3FA,慎,private,0xF4FA,U+614E
0x3FB,慕,private,0xF4FB,U+6155
0x3FC,慢,private,0xF4FC,U+6162
0x3FD,慰,private,0xF540,U+6170
0x3FE,憋,private,0xF541,U+618B
0x3FF,憧,private,0xF542,U+61A7
0x400,憬,private,0xF543,U+61AC
0x401,憾,private,0xF544,U+61BE
0x402,懂,private,0xF545,U+61C2
0x403,懈,private,0xF546,U+61C8
0x404,懊,private,0xF547,U+61CA
0x405,懒,private,0xF548,U+61D2
0x406,懦,private,0xF549,U+61E6
0x407,戏,private,0xF54A,U+620F
0x408,成,private,0xF54B,U+6210
0x409,我,private,0xF54C,U+6211
0x40A,戒,private,0xF54D,U+6212
0x40B,或,private,0xF54E,U+6216
0x40C,战,private,0xF54F,U+6218
0x40D,戚,private,0xF550,U+621A
0x40E,截,private,0xF551,U+622A
0x40F,戳,private,0xF552,U+6233
0x410,戴,private,0xF553,U+6234
0x411,户,private,0xF554,U+6237
0x412,房,private,0xF555,U+623F
0x413,所,private,0xF556,U+6240
0x414,扁,private,0xF557,U+6241
0x415,扇,private,0xF558,U+6247
0x416,扉,private,0xF559,U+6249
0x417,手,private,0xF55A,U+624B
0x418,才,private,0xF55B,U+624D
0x419,扎,private,0xF55C,U+624E
0x41A,扑,private,0xF55D,U+6251
0x41B,打,private,0xF55E,U+6253
0x41C,扔,private,0xF55F,U+6254
0x41D,托,private,0xF560,U+6258
0x41E,扛,private,0xF561,U+625B
0x41F,执,private,0xF562,U+6267
0x420,扩,private,0xF563,U+6269
0x421,扫,private,0xF564,U+626B
0x422,扬,private,0xF565,U+626C
0x423,扭,private,0xF566,U+626D
0x424,扮,private,0xF567,U+626E
0x425,扯,private,0xF568,U+626F
0x426,扰,private,0xF569,U+6270
0x427,扶,private,0xF56A,U+6276
0x428,批,private,0xF56B,U+6279
0x429,找,private,0xF56C,U+627E
0x42A,承,private,0xF56D,U+627F
0x42B,技,private,0xF56E,U+6280
0x42C,抄,private,0xF56F,U+6284
0x42D,把,private,0xF570,U+628A
0x42E,抑,private,0xF571,U+6291
0x42F,抓,private,0xF572,U+6293
0x430,投,private,0xF573,U+6295
0x431,抖,private,0xF574,U+6296
0x432,抗,private,0xF575,U+6297
0x433,折,private,0xF576,U+6298
0x434,抚,private,0xF577,U+629A
0x435,抛,private,0xF578,U+629B
0x436,抢,private,0xF579,U+62A2
0x437,护,private,0xF57A,U+62A4
0x438,报,private,0xF57B,U+62A5
0x439,披,private,0xF57C,U+62AB
0x43A,抬,private,0xF57D,U+62AC
0x43B,抱,private,0xF57E,U+62B1
0x43C,抹,private,0xF580,U+62B9
0x43D,抽,private,0xF581,U+62BD
0x43E,担,private,0xF582,U+62C5
0x43F,拉,private,0xF583,U+62C9
0x440,拌,private,0xF584,U+62CC
0x441,拍,private,0xF585,U+62CD
0x442,拐,private,0xF586,U+62D0
0x443,拒,private,0xF587,U+62D2
0x444,拓,private,0xF588,U+62D3
0x445,拔,private,0xF589,U+62D4
0x446,拖,private,0xF58A,U+62D6
0x447,拘,private,0xF58B,U+62D8
0x448,拙,private,0xF58C,U+62D9
0x449,招,private,0xF58D,U+62DB
0x44A,拜,private,0xF58E,U+62DC
0x44B,拥,private,0xF58F,U+62E5
0x44C,拦,private,0xF590,U+62E6
0x44D,拨,private,0xF591,U+62E8
0x44E,择,private,0xF592,U+62E9
0x44F,括,private,0xF593,U+62EC
0x450,拯,private,0xF594,U+62EF
0x451,拳,private,0xF595,U+62F3
0x452,拼,private,0xF596,U+62FC
0x453,拽,private,0xF597,U+62FD
0x454,拾,private,0xF598,U+62FE
0x455,拿,private,0xF599,U+62FF
0x456,持,private,0xF59A,U+6301
0x457,挂,private,0xF59B,U+6302
0x458,指,private,0xF59C,U+6307
0x459,按,private,0xF59D,U+6309
0x45A,挑,private,0xF59E,U+6311
0x45B,挖,private,0xF59F,U+6316
0x45C,挠,private,0xF5A0,U+6320
0x45D,挡,private,0xF5A1,U+6321
0x45E,挣,private,0xF5A2,U+6323
0x45F,挤,private,0xF5A3,U+6324
0x460,挥,private,0xF5A4,U+6325
0x461,挨,private,0xF5A5,U+6328
0x462,挫,private,0xF5A6,U+632B
0x463,振,private,0xF5A7,U+632F
0x464,挺,private,0xF5A8,U+633A
0x465,挽,private,0xF5A9,U+633D
0x466,捏,private,0xF5AA,U+634F
0x467,捐,private,0xF5AB,U+6350
0x468,捕,private,0xF5AC,U+6355
0x469,损,private,0xF5AD,U+635F
0x46A,换,private,0xF5AE,U+6362
0x46B,捣,private,0xF5AF,U+6363
0x46C,捧,private,0xF5B0,U+6367
0x46D,据,private,0xF5B1,U+636E
0x46E,捶,private,0xF5B2,U+6376
0x46F,捷,private,0xF5B3,U+6377
0x470,捺,private,0xF5B4,U+637A
0x471,掀,private,0xF5B5,U+6380
0x472,授,private,0xF5B6,U+6388
0x473,掉,private,0xF5B7,U+6389
0x474,掌,private,0xF5B8,U+638C
0x475,掐,private,0xF5B9,U+6390
0x476,排,private,0xF5BA,U+6392
0x477,掘,private,0xF5BB,U+6398
0x478,探,private,0xF5BC,U+63A2
0x479,接,private,0xF5BD,U+63A5
0x47A,控,private,0xF5BE,U+63A7
0x47B,推,private,0xF5BF,U+63A8
0x47C,掰,private,0xF5C0,U+63B0
0x47D,掳,private,0xF5C1,U+63B3
0x47E,掷,private,0xF5C2,U+63B7
0x47F,揉,private,0xF5C3,U+63C9
0x480,揍,private,0xF5C4,U+63CD
0x481,描,private,0xF5C5,U+63CF
0x482,提,private,0xF5C6,U+63D0
0x483,插,private,0xF5C7,U+63D2
0x484,握,private,0xF5C8,U+63E1
0x485,揣,private,0xF5C9,U+63E3
0x486,揭,private,0xF5CA,U+63ED
0x487,援,private,0xF5CB,U+63F4
0x488,揽,private,0xF5CC,U+63FD
0x489,搁,private,0xF5CD,U+6401
0x48A,搅,private,0xF5CE,U+6405
0x48B,搏,private,0xF5CF,U+640F
0x48C,搓,private,0xF5D0,U+6413
0x48D,搜,private,0xF5D1,U+641C
0x48E,搞,private,0xF5D2,U+641E
0x48F,搬,private,0xF5D3,U+642C
0x490,搭,private,0xF5D4,U+642D
0x491,携,private,0xF5D5,U+643A
0x492,摁,private,0xF5D6,U+6441
0x493,摄,private,0xF5D7,U+6444
0x494,摆,private,0xF5D8,U+6446
0x495,摇,private,0xF5D9,U+6447
0x496,摊,private,0xF5DA,U+644A
0x497,摔,private,0xF5DB,U+6454
0x498,摘,private,0xF5DC,U+6458
0x499,摩,private,0xF5DD,U+6469
0x49A,摸,private,0xF5DE,U+6478
0x49B,撑,private,0xF5DF,U+6491
0x49C,撒,private,0xF5E0,U+6492
0x49D,撞,private,0xF5E1,U+649E
0x49E,撤,private,0xF5E2,U+64A4
0x49F,播,private,0xF5E3,U+64AD
0x4A0,撼,private,0xF5E4,U+64BC
0x4A1,擅,private,0xF5E5,U+64C5
0x4A2,操,private,0xF5E6,U+64CD
0x4A3,擦,private,0xF5E7,U+64E6
0x4A4,攒,private,0xF5E8,U+6512
0x4A5,支,private,0xF5E9,U+652F
0x4A6,收,private,0xF5EA,U+6536
0x4A7,攸,private,0xF5EB,U+6538
0x4A8,改,private,0xF5EC,U+6539
0x4A9,攻,private,0xF5ED,U+653B
0x4AA,放,private,0xF5EE,U+653E
0x4AB,故,private,0xF5EF,U+6545
0x4AC,效,private,0xF5F0,U+6548
0x4AD,敌,private,0xF5F1,U+654C
0x4AE,敏,private,0xF5F2,U+654F
0x4AF,救,private,0xF5F3,U+6551
0x4B0,教,private,0xF5F4,U+6559
0x4B1,敞,private,0xF5F5,U+655E
0x4B2,敢,private,0xF5F6,U+6562
0x4B3,散,private,0xF5F7,U+6563
0x4B4,敬,private,0xF5F8,U+656C
0x4B5,数,private,0xF5F9,U+6570
0x4B6,敲,private,0xF5FA,U+6572
0x4B7,整,private,0xF5FB,U+6574
0x4B8,敷,private,0xF5FC,U+6577
0x4B9,文,private,0xF640,U+6587
0x4BA,斗,private,0xF641,U+6597
0x4BB,料,private,0xF642,U+6599
0x4BC,斥,private,0xF643,U+65A5
0x4BD,断,private,0xF644,U+65AD
0x4BE,斯,private,0xF645,U+65AF
0x4BF,新,private,0xF646,U+65B0
0x4C0,方,private,0xF647,U+65B9
0x4C1,施,private,0xF648,U+65BD
0x4C2,旁,private,0xF649,U+65C1
0x4C3,旅,private,0xF64A,U+65C5
0x4C4,旋,private,0xF64B,U+65CB
0x4C5,族,private,0xF64C,U+65CF
0x4C6,旗,private,0xF64D,U+65D7
0x4C7,无,private,0xF64E,U+65E0
0x4C8,既,private,0xF64F,U+65E2
0x4C9,日,private,0xF650,U+65E5
0x4CA,旦,private,0xF651,U+65E6
0x4CB,旧,private,0xF652,U+65E7
0x4CC,早,private,0xF653,U+65E9
0x4CD,时,private,0xF654,U+65F6
0x4CE,旺,private,0xF655,U+65FA
0x4CF,昂,private,0xF656,U+6602
0x4D0,昆,private,0xF657,U+6606
0x4D1,明,private,0xF658,U+660E
0x4D2,昏,private,0xF659,U+660F
0x4D3,易,private,0xF65A,U+6613
0x4D4,昔,private,0xF65B,U+6614
0x4D5,星,private,0xF65C,U+661F
0x4D6,映,private,0xF65D,U+6620
0x4D7,春,private,0xF65E,U+6625
0x4D8,昧,private,0xF65F,U+6627
0x4D9,昨,private,0xF660,U+6628
0x4DA,是,private,0xF661,U+662F
0x4DB,显,private,0xF662,U+663E
0x4DC,晃,private,0xF663,U+6643
0x4DD,晋,private,0xF664,U+664B
0x4DE,晒,private,0xF665,U+6652
0x4DF,晓,private,0xF666,U+6653
0x4E0,晕,private,0xF667,U+6655
0x4E1,晚,private,0xF668,U+665A
0x4E2,晨,private,0xF669,U+6668
0x4E3,普,private,0xF66A,U+666E
0x4E4,景,private,0xF66B,U+666F
0x4E5,晰,private,0xF66C,U+6670
0x4E6,晴,private,0xF66D,U+6674
0x4E7,晶,private,0xF66E,U+6676
0x4E8,智,private,0xF66F,U+667A
0x4E9,暂,private,0xF670,U+6682
0x4EA,暖,private,0xF671,U+6696
0x4EB,暗,private,0xF672,U+6697
0x4EC,暴,private,0xF673,U+66B4
0x4ED,曲,private,0xF674,U+66F2
0x4EE,更,private,0xF675,U+66F4
0x4EF,曼,private,0xF676,U+66FC
0x4F0,曾,private,0xF677,U+66FE
0x4F1,替,private,0xF678,U+66FF
0x4F2,最,private,0xF679,U+6700
0x4F3,月,private,0xF67A,U+6708
0x4F4,有,private,0xF67B,U+6709
0x4F5,朋,private,0xF67C,U+670B
0x4F6,服,private,0xF67D,U+670D
0x4F7,朗,private,0xF67E,U+6717
0x4F8,望,private,0xF680,U+671B
0x4F9,朝,private,0xF681,U+671D
0x4FA,期,private,0xF682,U+671F
0x4FB,木,private,0xF683,U+6728
0x4FC,未,private,0xF684,U+672A
0x4FD,末,private,0xF685,U+672B
0x4FE,本,private,0xF686,U+672C
0x4FF,术,private,0xF687,U+672F
0x500,朴,private,0xF688,U+6734
0x501,朵,private,0xF689,U+6735
0x502,机,private,0xF68A,U+673A
0x503,杀,private,0xF68B,U+6740
0x504,杂,private,0xF68C,U+6742
0x505,权,private,0xF68D,U+6743
0x506,杉,private,0xF68E,U+6749
0x507,材,private,0xF68F,U+6750
0x508,村,private,0xF690,U+6751
0x509,杜,private,0xF691,U+675C
0x50A,束,private,0xF692,U+675F
0x50B,条,private,0xF693,U+6761
0x50C,来,private,0xF694,U+6765
0x50D,杯,private,0xF695,U+676F
0x50E,杰,private,0xF696,U+6770
0x50F,松,private,0xF697,U+677E
0x510,板,private,0xF698,U+677F
0x511,极,private,0xF699,U+6781
0x512,构,private,0xF69A,U+6784
0x513,枉,private,0xF69B,U+6789
0x514,析,private,0xF69C,U+6790
0x515,林,private,0xF69D,U+6797
0x516,枚,private,0xF69E,U+679A
0x517,果,private,0xF69F,U+679C
0x518,枝,private,0xF6A0,U+679D
0x519,枪,private,0xF6A1,U+67AA
0x51A,枫,private,0xF6A2,U+67AB
0x51B,架,private,0xF6A3,U+67B6
0x51C,柄,private,0xF6A4,U+67C4
0x51D,柏,private,0xF6A5,U+67CF
0x51E,某,private,0xF6A6,U+67D0
0x51F,柑,private,0xF6A7,U+67D1
0x520,染,private,0xF6A8,U+67D3
0x521,柔,private,0xF6A9,U+67D4
0x522,柜,private,0xF6AA,U+67DC
0x523,柠,private,0xF6AB,U+67E0
0x524,查,private,0xF6AC,U+67E5
0x525,柱,private,0xF6AD,U+67F1
0x526,柴,private,0xF6AE,U+67F4
0x527,栃,private,0xF6AF,U+6803
0x528,标,private,0xF6B0,U+6807
0x529,栋,private,0xF6B1,U+680B
0x52A,树,private,0xF6B2,U+6811
0x52B,校,private,0xF6B3,U+6821
0x52C,样,private,0xF6B4,U+6837
0x52D,核,private,0xF6B5,U+6838
0x52E,根,private,0xF6B6,U+6839
0x52F,格,private,0xF6B7,U+683C
0x530,栽,private,0xF6B8,U+683D
0x531,桃,private,0xF6B9,U+6843
0x532,框,private,0xF6BA,U+6846
0x533,案,private,0xF6BB,U+6848
0x534,桌,private,0xF6BC,U+684C
0x535,桑,private,0xF6BD,U+6851
0x536,档,private,0xF6BE,U+6863
0x537,桥,private,0xF6BF,U+6865
0x538,桧,private,0xF6C0,U+6867
0x539,梁,private,0xF6C1,U+6881
0x53A,梅,private,0xF6C2,U+6885
0x53B,梓,private,0xF6C3,U+6893
0x53C,梢,private,0xF6C4,U+68A2
0x53D,梦,private,0xF6C5,U+68A6
0x53E,梨,private,0xF6C6,U+68A8
0x53F,梭,private,0xF6C7,U+68AD
0x540,梯,private,0xF6C8,U+68AF
0x541,检,private,0xF6C9,U+68C0
0x542,棉,private,0xF6CA,U+68C9
0x543,棍,private,0xF6CB,U+68CD
0x544,棒,private,0xF6CC,U+68D2
0x545,棚,private,0xF6CD,U+68DA
0x546,森,private,0xF6CE,U+68EE
0x547,棱,private,0xF6CF,U+68F1
0x548,植,private,0xF6D0,U+690D
0x549,椎,private,0xF6D1,U+690E
0x54A,椒,private,0xF6D2,U+6912
0x54B,楚,private,0xF6D3,U+695A
0x54C,楠,private,0xF6D4,U+6960
0x54D,楼,private,0xF6D5,U+697C
0x54E,概,private,0xF6D6,U+6982
0x54F,榄,private,0xF6D7,U+6984
0x550,榜,private,0xF6D8,U+699C
0x551,榻,private,0xF6D9,U+69BB
0x552,槻,private,0xF6DA,U+69FB
0x553,槽,private,0xF6DB,U+69FD
0x554,槿,private,0xF6DC,U+69FF
0x555,樟,private,0xF6DD,U+6A1F
0x556,模,private,0xF6DE,U+6A21
0x557,横,private,0xF6DF,U+6A2A
0x558,樫,private,0xF6E0,U+6A2B
0x559,樱,private,0xF6E1,U+6A31
0x55A,橄,private,0xF6E2,U+6A44
0x55B,橘,private,0xF6E3,U+6A58
0x55C,檬,private,0xF6E4,U+6AAC
0x55D,欠,private,0xF6E5,U+6B20
0x55E,次,private,0xF6E6,U+6B21
0x55F,欢,private,0xF6E7,U+6B22
0x560,欣,private,0xF6E8,U+6B23
0x561,欲,private,0xF6E9,U+6B32
0x562,欸,private,0xF6EA,U+6B38
0x563,欺,private,0xF6EB,U+6B3A
0x564,款,private,0xF6EC,U+6B3E
0x565,歉,private,0xF6ED,U+6B49
0x566,歌,private,0xF6EE,U+6B4C
0x567,止,private,0xF6EF,U+6B62
0x568,正,private,0xF6F0,U+6B63
0x569,此,private,0xF6F1,U+6B64
0x56A,步,private,0xF6F2,U+6B65
0x56B,武,private,0xF6F3,U+6B66
0x56C,歧,private,0xF6F4,U+6B67
0x56D,歩,private,0xF6F5,U+6B69
0x56E,歪,private,0xF6F6,U+6B6A
0x56F,歹,private,0xF6F7,U+6B79
0x570,死,private,0xF6F8,U+6B7B
0x571,殊,private,0xF6F9,U+6B8A
0x572,段,private,0xF6FA,U+6BB5
0x573,毁,private,0xF6FB,U+6BC1
0x574,母,private,0xF6FC,U+6BCD
0x575,每,private,0xF740,U+6BCF
0x576,毒,private,0xF741,U+6BD2
0x577,比,private,0xF742,U+6BD4
0x578,毕,private,0xF743,U+6BD5
0x579,毛,private,0xF744,U+6BDB
0x57A,毫,private,0xF745,U+6BEB
0x57B,氏,private,0xF746,U+6C0F
0x57C,民,private,0xF747,U+6C11
0x57D,氓,private,0xF748,U+6C13
0x57E,气,private,0xF749,U+6C14
0x57F,氛,private,0xF74A,U+6C1B
0x580,水,private,0xF74B,U+6C34
0x581,永,private,0xF74C,U+6C38
0x582,汁,private,0xF74D,U+6C41
0x583,求,private,0xF74E,U+6C42
0x584,汇,private,0xF74F,U+6C47
0x585,汉,private,0xF750,U+6C49
0x586,汗,private,0xF751,U+6C57
0x587,池,private,0xF752,U+6C60
0x588,污,private,0xF753,U+6C61
0x589,汤,private,0xF754,U+6C64
0x58A,汰,private,0xF755,U+6C70
0x58B,汹,private,0xF756,U+6C79
0x58C,沁,private,0xF757,U+6C81
0x58D,沉,private,0xF758,U+6C89
0x58E,沐,private,0xF759,U+6C90
0x58F,沙,private,0xF75A,U+6C99
0x590,沟,private,0xF75B,U+6C9F
0x591,没,private,0xF75C,U+6CA1
0x592,沮,private,0xF75D,U+6CAE
0x593,河,private,0xF75E,U+6CB3
0x594,沸,private,0xF75F,U+6CB8
0x595,油,private,0xF760,U+6CB9
0x596,治,private,0xF761,U+6CBB
0x597,沼,private,0xF762,U+6CBC
0x598,沾,private,0xF763,U+6CBE
0x599,沿,private,0xF764,U+6CBF
0x59A,泄,private,0xF765,U+6CC4
0x59B,泉,private,0xF766,U+6CC9
0x59C,法,private,0xF767,U+6CD5
0x59D,泛,private,0xF768,U+6CDB
0x59E,泡,private,0xF769,U+6CE1
0x59F,波,private,0xF76A,U+6CE2
0x5A0,泣,private,0xF76B,U+6CE3
0x5A1,泥,private,0xF76C,U+6CE5
0x5A2,注,private,0xF76D,U+6CE8
0x5A3,泪,private,0xF76E,U+6CEA
0x5A4,泳,private,0xF76F,U+6CF3
0x5A5,泼,private,0xF770,U+6CFC
0x5A6,泽,private,0xF771,U+6CFD
0x5A7,洁,private,0xF772,U+6D01
0x5A8,洋,private,0xF773,U+6D0B
0x5A9,洒,private,0xF774,U+6D12
0x5AA,洗,private,0xF775,U+6D17
0x5AB,洞,private,0xF776,U+6D1E
0x5AC,津,private,0xF777,U+6D25
0x5AD,洲,private,0xF778,U+6D32
0x5AE,活,private,0xF779,U+6D3B
0x5AF,派,private,0xF77A,U+6D3E
0x5B0,流,private,0xF77B,U+6D41
0x5B1,浇,private,0xF77C,U+6D47
0x5B2,测,private,0xF77D,U+6D4B
0x5B3,济,private,0xF77E,U+6D4E
0x5B4,浏,private,0xF780,U+6D4F
0x5B5,浑,private,0xF781,U+6D51
0x5B6,浓,private,0xF782,U+6D53
0x5B7,浦,private,0xF783,U+6D66
0x5B8,浩,private,0xF784,U+6D69
0x5B9,浪,private,0xF785,U+6D6A
0x5BA,浮,private,0xF786,U+6D6E
0x5BB,浴,private,0xF787,U+6D74
0x5BC,海,private,0xF788,U+6D77
0x5BD,浸,private,0xF789,U+6D78
0x5BE,涂,private,0xF78A,U+6D82
0x5BF,消,private,0xF78B,U+6D88
0x5C0,涉,private,0xF78C,U+6D89
0x5C1,涌,private,0xF78D,U+6D8C
0x5C2,涕,private,0xF78E,U+6D95
0x5C3,涟,private,0xF78F,U+6D9F
0x5C4,涡,private,0xF790,U+6DA1
0x5C5,润,private,0xF791,U+6DA6
0x5C6,涨,private,0xF792,U+6DA8
0x5C7,涩,private,0xF793,U+6DA9
0x5C8,涯,private,0xF794,U+6DAF
0x5C9,液,private,0xF795,U+6DB2
0x5CA,涵,private,0xF796,U+6DB5
0x5CB,淇,private,0xF797,U+6DC7
0x5CC,淋,private,0xF798,U+6DCB
0x5CD,淌,private,0xF799,U+6DCC
0x5CE,淑,private,0xF79A,U+6DD1
0x5CF,淘,private,0xF79B,U+6DD8
0x5D0,淡,private,0xF79C,U+6DE1
0x5D1,深,private,0xF79D,U+6DF1
0x5D2,混,private,0xF79E,U+6DF7
0x5D3,淹,private,0xF79F,U+6DF9
0x5D4,添,private,0xF7A0,U+6DFB
0x5D5,清,private,0xF7A1,U+6E05
0x5D6,渊,private,0xF7A2,U+6E0A
0x5D7,渍,private,0xF7A3,U+6E0D
0x5D8,渐,private,0xF7A4,U+6E10
0x5D9,渔,private,0xF7A5,U+6E14
0x5DA,渗,private,0xF7A6,U+6E17
0x5DB,渡,private,0xF7A7,U+6E21
0x5DC,温,private,0xF7A8,U+6E29
0x5DD,港,private,0xF7A9,U+6E2F
0x5DE,渴,private,0xF7AA,U+6E34
0x5DF,游,private,0xF7AB,U+6E38
0x5E0,渺,private,0xF7AC,U+6E3A
0x5E1,湛,private,0xF7AD,U+6E5B
0x5E2,湿,private,0xF7AE,U+6E7F
0x5E3,源,private,0xF7AF,U+6E90
0x5E4,溜,private,0xF7B0,U+6E9C
0x5E5,溢,private,0xF7B1,U+6EA2
0x5E6,溺,private,0xF7B2,U+6EBA
0x5E7,滋,private,0xF7B3,U+6ECB
0x5E8,滑,private,0xF7B4,U+6ED1
0x5E9,滚,private,0xF7B5,U+6EDA
0x5EA,滞,private,0xF7B6,U+6EDE
0x5EB,满,private,0xF7B7,U+6EE1
0x5EC,滨,private,0xF7B8,U+6EE8
0x5ED,滩,private,0xF7B9,U+6EE9
0x5EE,滴,private,0xF7BA,U+6EF4
0x5EF,漂,private,0xF7BB,U+6F02
0x5F0,漆,private,0xF7BC,U+6F06
0x5F1,漏,private,0xF7BD,U+6F0F
0x5F2,演,private,0xF7BE,U+6F14
0x5F3,漩,private,0xF7BF,U+6F29
0x5F4,漪,private,0xF7C0,U+6F2A
0x5F5,漫,private,0xF7C1,U+6F2B
0x5F6,漱,private,0xF7C2,U+6F31
0x5F7,潘,private,0xF7C3,U+6F58
0x5F8,潜,private,0xF7C4,U+6F5C
0x5F9,潟,private,0xF7C5,U+6F5F
0x5FA,潮,private,0xF7C6,U+6F6E
0x5FB,澄,private,0xF7C7,U+6F84
0x5FC,澈,private,0xF7C8,U+6F88
0x5FD,澜,private,0xF7C9,U+6F9C
0x5FE,澡,private,0xF7CA,U+6FA1
0x5FF,激,private,0xF7CB,U+6FC0
0x600,濑,private,0xF7CC,U+6FD1
0x601,瀑,private,0xF7CD,U+7011
0x602,灌,private,0xF7CE,U+704C
0x603,火,private,0xF7CF,U+706B
0x604,灭,private,0xF7D0,U+706D
0x605,灯,private,0xF7D1,U+706F
0x606,灰,private,0xF7D2,U+7070
0x607,灵,private,0xF7D3,U+7075
0x608,灾,private,0xF7D4,U+707E
0x609,灿,private,0xF7D5,U+707F
0x60A,炉,private,0xF7D6,U+7089
0x60B,炒,private,0xF7D7,U+7092
0x60C,炖,private,0xF7D8,U+7096
0x60D,炫,private,0xF7D9,U+70AB
0x60E,炭,private,0xF7DA,U+70AD
0x60F,炸,private,0xF7DB,U+70B8
0x610,点,private,0xF7DC,U+70B9
0x611,炼,private,0xF7DD,U+70BC
0x612,烁,private,0xF7DE,U+70C1
0x613,烂,private,0xF7DF,U+70C2
0x614,烈,private,0xF7E0,U+70C8
0x615,烘,private,0xF7E1,U+70D8
0x616,烙,private,0xF7E2,U+70D9
0x617,烟,private,0xF7E3,U+70DF
0x618,烤,private,0xF7E4,U+70E4
0x619,烦,private,0xF7E5,U+70E6
0x61A,烧,private,0xF7E6,U+70E7
0x61B,烫,private,0xF7E7,U+70EB
0x61C,热,private,0xF7E8,U+70ED
0x61D,烹,private,0xF7E9,U+70F9
0x61E,焕,private,0xF7EA,U+7115
0x61F,焦,private,0xF7EB,U+7126
0x620,焰,private,0xF7EC,U+7130
0x621,然,private,0xF7ED,U+7136
0x622,煌,private,0xF7EE,U+714C
0x623,煤,private,0xF7EF,U+7164
0x624,照,private,0xF7F0,U+7167
0x625,煮,private,0xF7F1,U+716E
0x626,熊,private,0xF7F2,U+718A
0x627,熟,private,0xF7F3,U+719F
0x628,熬,private,0xF7F4,U+71AC
0x629,燃,private,0xF7F5,U+71C3
0x62A,燕,private,0xF7F6,U+71D5
0x62B,爆,private,0xF7F7,U+7206
0x62C,爪,private,0xF7F8,U+722A
0x62D,爬,private,0xF7F9,U+722C
0x62E,爱,private,0xF7FA,U+7231
0x62F,爵,private,0xF7FB,U+7235
0x630,父,private,0xF7FC,U+7236
0x631,爷,private,0xF840,U+7237
0x632,爸,private,0xF841,U+7238
0x633,爽,private,0xF842,U+723D
0x634,片,private,0xF843,U+7247
0x635,版,private,0xF844,U+7248
0x636,牌,private,0xF845,U+724C
0x637,牙,private,0xF846,U+7259
0x638,牛,private,0xF847,U+725B
0x639,牢,private,0xF848,U+7262
0x63A,物,private,0xF849,U+7269
0x63B,牲,private,0xF84A,U+7272
0x63C,牵,private,0xF84B,U+7275
0x63D,特,private,0xF84C,U+7279
0x63E,牺,private,0xF84D,U+727A
0x63F,犀,private,0xF84E,U+7280
0x640,犬,private,0xF84F,U+72AC
0x641,犯,private,0xF850,U+72AF
0x642,状,private,0xF851,U+72B6
0x643,犹,private,0xF852,U+72B9
0x644,狂,private,0xF853,U+72C2
0x645,狐,private,0xF854,U+72D0
0x646,狗,private,0xF855,U+72D7
0x647,狠,private,0xF856,U+72E0
0x648,狡,private,0xF857,U+72E1
0x649,狩,private,0xF858,U+72E9
0x64A,独,private,0xF859,U+72EC
0x64B,狭,private,0xF85A,U+72ED
0x64C,狮,private,0xF85B,U+72EE
0x64D,狱,private,0xF85C,U+72F1
0x64E,狸,private,0xF85D,U+72F8
0x64F,猎,private,0xF85E,U+730E
0x650,猕,private,0xF85F,U+7315
0x651,猛,private,0xF860,U+731B
0x652,猜,private,0xF861,U+731C
0x653,猪,private,0xF862,U+732A
0x654,猫,private,0xF863,U+732B
0x655,献,private,0xF864,U+732E
0x656,猴,private,0xF865,U+7334
0x657,猾,private,0xF866,U+733E
0x658,玄,private,0xF867,U+7384
0x659,率,private,0xF868,U+7387
0x65A,玉,private,0xF869,U+7389
0x65B,王,private,0xF86A,U+738B
0x65C,玩,private,0xF86B,U+73A9
0x65D,玫,private,0xF86C,U+73AB
0x65E,环,private,0xF86D,U+73AF
0x65F,现,private,0xF86E,U+73B0
0x660,玲,private,0xF86F,U+73B2
0x661,玻,private,0xF870,U+73BB
0x662,珍,private,0xF871,U+73CD
0x663,珑,private,0xF872,U+73D1
0x664,珠,private,0xF873,U+73E0
0x665,班,private,0xF874,U+73ED
0x666,球,private,0xF875,U+7403
0x667,理,private,0xF876,U+7406
0x668,琉,private,0xF877,U+7409
0x669,琐,private,0xF878,U+7410
0x66A,琢,private,0xF879,U+7422
0x66B,瑰,private,0xF87A,U+7470
0x66C,璀,private,0xF87B,U+7480
0x66D,璃,private,0xF87C,U+7483
0x66E,璨,private,0xF87D,U+74A8
0x66F,瓜,private,0xF87E,U+74DC
0x670,瓢,private,0xF880,U+74E2
0x671,瓣,private,0xF881,U+74E3
0x672,瓶,private,0xF882,U+74F6
0x673,甘,private,0xF883,U+7518
0x674,甚,private,0xF884,U+751A
0x675,甜,private,0xF885,U+751C
0x676,生,private,0xF886,U+751F
0x677,用,private,0xF887,U+7528
0x678,甩,private,0xF888,U+7529
0x679,田,private,0xF889,U+7530
0x67A,由,private,0xF88A,U+7531
0x67B,甲,private,0xF88B,U+7532
0x67C,申,private,0xF88C,U+7533
0x67D,电,private,0xF88D,U+7535
0x67E,男,private,0xF88E,U+7537
0x67F,画,private,0xF88F,U+753B
0x680,畅,private,0xF890,U+7545
0x681,界,private,0xF891,U+754C
0x682,畏,private,0xF892,U+754F
0x683,留,private,0xF893,U+7559
0x684,略,private,0xF894,U+7565
0x685,番,private,0xF895,U+756A
0x686,疏,private,0xF896,U+758F
0x687,疑,private,0xF897,U+7591
0x688,疙,private,0xF898,U+7599
0x689,疯,private,0xF899,U+75AF
0x68A,疲,private,0xF89A,U+75B2
0x68B,疼,private,0xF89B,U+75BC
0x68C,疾,private,0xF89C,U+75BE
0x68D,病,private,0xF89D,U+75C5
0x68E,症,private,0xF89E,U+75C7
0x68F,痒,private,0xF89F,U+75D2
0x690,痛,private,0xF8A0,U+75DB
0x691,瘦,private,0xF8A1,U+7626
0x692,瘩,private,0xF8A2,U+7629
0x693,瘫,private,0xF8A3,U+762B
0x694,瘾,private,0xF8A4,U+763E
0x695,癖,private,0xF8A5,U+7656
0x696,登,private,0xF8A6,U+767B
0x697,白,private,0xF8A7,U+767D
0x698,百,private,0xF8A8,U+767E
0x699,的,private,0xF8A9,U+7684
0x69A,皆,private,0xF8AA,U+7686
0x69B,皎,private,0xF8AB,U+768E
0x69C,皮,private,0xF8AC,U+76AE
0x69D,皱,private,0xF8AD,U+76B1
0x69E,盆,private,0xF8AE,U+76C6
0x69F,盈,private,0xF8AF,U+76C8
0x6A0,益,private,0xF8B0,U+76CA
0x6A1,监,private,0xF8B1,U+76D1
0x6A2,盒,private,0xF8B2,U+76D2
0x6A3,盖,private,0xF8B3,U+76D6
0x6A4,盗,private,0xF8B4,U+76D7
0x6A5,盘,private,0xF8B5,U+76D8
0x6A6,盛,private,0xF8B6,U+76DB
0x6A7,目,private,0xF8B7,U+76EE
0x6A8,盯,private,0xF8B8,U+76EF
0x6A9,盲,private,0xF8B9,U+76F2
0x6AA,直,private,0xF8BA,U+76F4
0x6AB,相,private,0xF8BB,U+76F8
0x6AC,盼,private,0xF8BC,U+76FC
0x6AD,省,private,0xF8BD,U+7701
0x6AE,眉,private,0xF8BE,U+7709
0x6AF,看,private,0xF8BF,U+770B
0x6B0,真,private,0xF8C0,U+771F
0x6B1,眠,private,0xF8C1,U+7720
0x6B2,眨,private,0xF8C2,U+7728
0x6B3,眩,private,0xF8C3,U+7729
0x6B4,眯,private,0xF8C4,U+772F
0x6B5,眺,private,0xF8C5,U+773A
0x6B6,眼,private,0xF8C6,U+773C
0x6B7,着,private,0xF8C7,U+7740
0x6B8,睛,private,0xF8C8,U+775B
0x6B9,睡,private,0xF8C9,U+7761
0x6BA,督,private,0xF8CA,U+7763
0x6BB,睦,private,0xF8CB,U+7766
0x6BC,睹,private,0xF8CC,U+7779
0x6BD,瞄,private,0xF8CD,U+7784
0x6BE,瞎,private,0xF8CE,U+778E
0x6BF,瞒,private,0xF8CF,U+7792
0x6C0,瞟,private,0xF8D0,U+779F
0x6C1,瞥,private,0xF8D1,U+77A5
0x6C2,瞧,private,0xF8D2,U+77A7
0x6C3,瞩,private,0xF8D3,U+77A9
0x6C4,瞪,private,0xF8D4,U+77AA
0x6C5,瞬,private,0xF8D5,U+77AC
0x6C6,瞰,private,0xF8D6,U+77B0
0x6C7,瞳,private,0xF8D7,U+77B3
0x6C8,知,private,0xF8D8,U+77E5
0x6C9,短,private,0xF8D9,U+77ED
0x6CA,矮,private,0xF8DA,U+77EE
0x6CB,石,private,0xF8DB,U+77F3
0x6CC,矿,private,0xF8DC,U+77FF
0x6CD,码,private,0xF8DD,U+7801
0x6CE,研,private,0xF8DE,U+7814
0x6CF,砰,private,0xF8DF,U+7830
0x6D0,破,private,0xF8E0,U+7834
0x6D1,砸,private,0xF8E1,U+7838
0x6D2,砺,private,0xF8E2,U+783A
0x6D3,础,private,0xF8E3,U+7840
0x6D4,硬,private,0xF8E4,U+786C
0x6D5,确,private,0xF8E5,U+786E
0x6D6,碌,private,0xF8E6,U+788C
0x6D7,碍,private,0xF8E7,U+788D
0x6D8,碎,private,0xF8E8,U+788E
0x6D9,碗,private,0xF8E9,U+7897
0x6DA,碰,private,0xF8EA,U+78B0
0x6DB,碾,private,0xF8EB,U+78BE
0x6DC,磁,private,0xF8EC,U+78C1
0x6DD,磨,private,0xF8ED,U+78E8
0x6DE,示,private,0xF8EE,U+793A
0x6DF,礼,private,0xF8EF,U+793C
0x6E0,社,private,0xF8F0,U+793E
0x6E1,祈,private,0xF8F1,U+7948
0x6E2,祝,private,0xF8F2,U+795D
0x6E3,神,private,0xF8F3,U+795E
0x6E4,祟,private,0xF8F4,U+795F
0x6E5,票,private,0xF8F5,U+7968
0x6E6,祭,private,0xF8F6,U+796D
0x6E7,祷,private,0xF8F7,U+7977
0x6E8,祸,private,0xF8F8,U+7978
0x6E9,禁,private,0xF8F9,U+7981
0x6EA,福,private,0xF8FA,U+798F
0x6EB,离,private,0xF8FB,U+79BB
0x6EC,秀,private,0xF8FC,U+79C0
0x6ED,私,private,0xF940,U+79C1
0x6EE,秋,private,0xF941,U+79CB
0x6EF,种,private,0xF942,U+79CD
0x6F0,科,private,0xF943,U+79D1
0x6F1,秒,private,0xF944,U+79D2
0x6F2,秘,private,0xF945,U+79D8
0x6F3,租,private,0xF946,U+79DF
0x6F4,积,private,0xF947,U+79EF
0x6F5,称,private,0xF948,U+79F0
0x6F6,移,private,0xF949,U+79FB
0x6F7,秽,private,0xF94A,U+79FD
0x6F8,稀,private,0xF94B,U+7A00
0x6F9,程,private,0xF94C,U+7A0B
0x6FA,稍,private,0xF94D,U+7A0D
0x6FB,稳,private,0xF94E,U+7A33
0x6FC,稽,private,0xF94F,U+7A3D
0x6FD,究,private,0xF950,U+7A76
0x6FE,空,private,0xF951,U+7A7A
0x6FF,穿,private,0xF952,U+7A7F
0x700,突,private,0xF953,U+7A81
0x701,窄,private,0xF954,U+7A84
0x702,窍,private,0xF955,U+7A8D
0x703,窗,private,0xF956,U+7A97
0x704,窝,private,0xF957,U+7A9D
0x705,窥,private,0xF958,U+7AA5
0x706,立,private,0xF959,U+7ACB
0x707,竖,private,0xF95A,U+7AD6
0x708,站,private,0xF95B,U+7AD9
0x709,竞,private,0xF95C,U+7ADE
0x70A,竟,private,0xF95D,U+7ADF
0x70B,章,private,0xF95E,U+7AE0
0x70C,童,private,0xF95F,U+7AE5
0x70D,竭,private,0xF960,U+7AED
0x70E,端,private,0xF961,U+7AEF
0x70F,竹,private,0xF962,U+7AF9
0x710,笑,private,0xF963,U+7B11
0x711,笔,private,0xF964,U+7B14
0x712,符,private,0xF965,U+7B26
0x713,笨,private,0xF966,U+7B28
0x714,第,private,0xF967,U+7B2C
0x715,笼,private,0xF968,U+7B3C
0x716,等,private,0xF969,U+7B49
0x717,筋,private,0xF96A,U+7B4B
0x718,筑,private,0xF96B,U+7B51
0x719,答,private,0xF96C,U+7B54
0x71A,策,private,0xF96D,U+7B56
0x71B,筹,private,0xF96E,U+7B79
0x71C,签,private,0xF96F,U+7B7E
0x71D,简,private,0xF970,U+7B80
0x71E,箍,private,0xF971,U+7B8D
0x71F,算,private,0xF972,U+7B97
0x720,管,private,0xF973,U+7BA1
0x721,箭,private,0xF974,U+7BAD
0x722,箱,private,0xF975,U+7BB1
0x723,篇,private,0xF976,U+7BC7
0x724,篝,private,0xF977,U+7BDD
0x725,篮,private,0xF978,U+7BEE
0x726,篷,private,0xF979,U+7BF7
0x727,米,private,0xF97A,U+7C73
0x728,类,private,0xF97B,U+7C7B
0x729,粉,private,0xF97C,U+7C89
0x72A,粗,private,0xF97D,U+7C97
0x72B,粹,private,0xF97E,U+7CB9
0x72C,精,private,0xF980,U+7CBE
0x72D,糊,private,0xF981,U+7CCA
0x72E,糕,private,0xF982,U+7CD5
0x72F,糖,private,0xF983,U+7CD6
0x730,糙,private,0xF984,U+7CD9
0x731,糟,private,0xF985,U+7CDF
0x732,系,private,0xF986,U+7CFB
0x733,紊,private,0xF987,U+7D0A
0x734,素,private,0xF988,U+7D20
0x735,索,private,0xF989,U+7D22
0x736,紧,private,0xF98A,U+7D27
0x737,累,private,0xF98B,U+7D2F
0x738,絮,private,0xF98C,U+7D6E
0x739,絵,private,0xF98D,U+7D75
0x73A,繁,private,0xF98E,U+7E41
0x73B,纠,private,0xF98F,U+7EA0
0x73C,红,private,0xF990,U+7EA2
0x73D,纤,private,0xF991,U+7EA4
0x73E,约,private,0xF992,U+7EA6
0x73F,级,private,0xF993,U+7EA7
0x740,纪,private,0xF994,U+7EAA
0x741,纯,private,0xF995,U+7EAF
0x742,纱,private,0xF996,U+7EB1
0x743,纲,private,0xF997,U+7EB2
0x744,纳,private,0xF998,U+7EB3
0x745,纸,private,0xF999,U+7EB8
0x746,纹,private,0xF99A,U+7EB9
0x747,纺,private,0xF99B,U+7EBA
0x748,线,private,0xF99C,U+7EBF
0x749,练,private,0xF99D,U+7EC3
0x74A,组,private,0xF99E,U+7EC4
0x74B,绅,private,0xF99F,U+7EC5
0x74C,细,private,0xF9A0,U+7EC6
0x74D,织,private,0xF9A1,U+7EC7
0x74E,终,private,0xF9A2,U+7EC8
0x74F,绊,private,0xF9A3,U+7ECA
0x750,绍,private,0xF9A4,U+7ECD
0x751,绎,private,0xF9A5,U+7ECE
0x752,经,private,0xF9A6,U+7ECF
0x753,绑,private,0xF9A7,U+7ED1
0x754,绒,private,0xF9A8,U+7ED2
0x755,结,private,0xF9A9,U+7ED3
0x756,绕,private,0xF9AA,U+7ED5
0x757,绘,private,0xF9AB,U+7ED8
0x758,给,private,0xF9AC,U+7ED9
0x759,绚,private,0xF9AD,U+7EDA
0x75A,络,private,0xF9AE,U+7EDC
0x75B,绝,private,0xF9AF,U+7EDD
0x75C,统,private,0xF9B0,U+7EDF
0x75D,继,private,0xF9B1,U+7EE7
0x75E,绩,private,0xF9B2,U+7EE9
0x75F,绪,private,0xF9B3,U+7EEA
0x760,续,private,0xF9B4,U+7EED
0x761,绰,private,0xF9B5,U+7EF0
0x762,绳,private,0xF9B6,U+7EF3
0x763,维,private,0xF9B7,U+7EF4
0x764,绵,private,0xF9B8,U+7EF5
0x765,绷,private,0xF9B9,U+7EF7
0x766,绸,private,0xF9BA,U+7EF8
0x767,综,private,0xF9BB,U+7EFC
0x768,绽,private,0xF9BC,U+7EFD
0x769,绿,private,0xF9BD,U+7EFF
0x76A,缎,private,0xF9BE,U+7F0E
0x76B,缓,private,0xF9BF,U+7F13
0x76C,编,private,0xF9C0,U+7F16
0x76D,缘,private,0xF9C1,U+7F18
0x76E,缚,private,0xF9C2,U+7F1A
0x76F,缝,private,0xF9C3,U+7F1D
0x770,缠,private,0xF9C4,U+7F20
0x771,缩,private,0xF9C5,U+7F29
0x772,缺,private,0xF9C6,U+7F3A
0x773,罐,private,0xF9C7,U+7F50
0x774,网,private,0xF9C8,U+7F51
0x775,罗,private,0xF9C9,U+7F57
0x776,罚,private,0xF9CA,U+7F5A
0x777,罢,private,0xF9CB,U+7F62
0x778,罩,private,0xF9CC,U+7F69
0x779,罪,private,0xF9CD,U+7F6A
0x77A,置,private,0xF9CE,U+7F6E
0x77B,羁,private,0xF9CF,U+7F81
0x77C,美,private,0xF9D0,U+7F8E
0x77D,羞,private,0xF9D1,U+7F9E
0x77E,羡,private,0xF9D2,U+7FA1
0x77F,群,private,0xF9D3,U+7FA4
0x780,羽,private,0xF9D4,U+7FBD
0x781,翅,private,0xF9D5,U+7FC5
0x782,翔,private,0xF9D6,U+7FD4
0x783,翘,private,0xF9D7,U+7FD8
0x784,翱,private,0xF9D8,U+7FF1
0x785,翻,private,0xF9D9,U+7FFB
0x786,翼,private,0xF9DA,U+7FFC
0x787,耀,private,0xF9DB,U+8000
0x788,老,private,0xF9DC,U+8001
0x789,考,private,0xF9DD,U+8003
0x78A,者,private,0xF9DE,U+8005
0x78B,而,private,0xF9DF,U+800C
0x78C,耍,private,0xF9E0,U+800D
0x78D,耐,private,0xF9E1,U+8010
0x78E,耗,private,0xF9E2,U+8017
0x78F,耳,private,0xF9E3,U+8033
0x790,耶,private,0xF9E4,U+8036
0x791,耻,private,0xF9E5,U+803B
0x792,耽,private,0xF9E6,U+803D
0x793,聊,private,0xF9E7,U+804A
0x794,聋,private,0xF9E8,U+804B
0x795,职,private,0xF9E9,U+804C
0x796,联,private,0xF9EA,U+8054
0x797,聘,private,0xF9EB,U+8058
0x798,聚,private,0xF9EC,U+805A
0x799,聪,private,0xF9ED,U+806A
0x79A,肃,private,0xF9EE,U+8083
0x79B,肉,private,0xF9EF,U+8089
0x79C,肌,private,0xF9F0,U+808C
0x79D,肚,private,0xF9F1,U+809A
0x79E,股,private,0xF9F2,U+80A1
0x79F,肤,private,0xF9F3,U+80A4
0x7A0,肥,private,0xF9F4,U+80A5
0x7A1,肩,private,0xF9F5,U+80A9
0x7A2,肪,private,0xF9F6,U+80AA
0x7A3,肮,private,0xF9F7,U+80AE
0x7A4,肯,private,0xF9F8,U+80AF
0x7A5,育,private,0xF9F9,U+80B2
0x7A6,肿,private,0xF9FA,U+80BF
0x7A7,胀,private,0xF9FB,U+80C0
0x7A8,胃,private,0xF9FC,U+80C3
0x7A9,胆,private,0xFA40,U+80C6
0x7AA,背,private,0xFA41,U+80CC
0x7AB,胎,private,0xFA42,U+80CE
0x7AC,胜,private,0xFA43,U+80DC
0x7AD,胞,private,0xFA44,U+80DE
0x7AE,胡,private,0xFA45,U+80E1
0x7AF,胳,private,0xFA46,U+80F3
0x7B0,胶,private,0xFA47,U+80F6
0x7B1,胸,private,0xFA48,U+80F8
0x7B2,能,private,0xFA49,U+80FD
0x7B3,脂,private,0xFA4A,U+8102
0x7B4,脆,private,0xFA4B,U+8106
0x7B5,脊,private,0xFA4C,U+810A
0x7B6,脏,private,0xFA4D,U+810F
0x7B7,脑,private,0xFA4E,U+8111
0x7B8,脖,private,0xFA4F,U+8116
0x7B9,脚,private,0xFA50,U+811A
0x7BA,脱,private,0xFA51,U+8131
0x7BB,脸,private,0xFA52,U+8138
0x7BC,脾,private,0xFA53,U+813E
0x7BD,腐,private,0xFA54,U+8150
0x7BE,腕,private,0xFA55,U+8155
0x7BF,腮,private,0xFA56,U+816E
0x7C0,腰,private,0xFA57,U+8170
0x7C1,腹,private,0xFA58,U+8179
0x7C2,腻,private,0xFA59,U+817B
0x7C3,腾,private,0xFA5A,U+817E
0x7C4,腿,private,0xFA5B,U+817F
0x7C5,膀,private,0xFA5C,U+8180
0x7C6,膊,private,0xFA5D,U+818A
0x7C7,膏,private,0xFA5E,U+818F
0x7C8,膛,private,0xFA5F,U+819B
0x7C9,臂,private,0xFA60,U+81C2
0x7CA,臣,private,0xFA61,U+81E3
0x7CB,自,private,0xFA62,U+81EA
0x7CC,至,private,0xFA63,U+81F3
0x7CD,致,private,0xFA64,U+81F4
0x7CE,臼,private,0xFA65,U+81FC
0x7CF,舌,private,0xFA66,U+820C
0x7D0,舍,private,0xFA67,U+820D
0x7D1,舒,private,0xFA68,U+8212
0x7D2,舔,private,0xFA69,U+8214
0x7D3,舞,private,0xFA6A,U+821E
0x7D4,般,private,0xFA6B,U+822C
0x7D5,船,private,0xFA6C,U+8239
0x7D6,艇,private,0xFA6D,U+8247
0x7D7,艘,private,0xFA6E,U+8258
0x7D8,艮,private,0xFA6F,U+826E
0x7D9,良,private,0xFA70,U+826F
0x7DA,艰,private,0xFA71,U+8270
0x7DB,色,private,0xFA72,U+8272
0x7DC,艺,private,0xFA73,U+827A
0x7DD,节,private,0xFA74,U+8282
0x7DE,芋,private,0xFA75,U+828B
0x7DF,芒,private,0xFA76,U+8292
0x7E0,芙,private,0xFA77,U+8299
0x7E1,芝,private,0xFA78,U+829D
0x7E2,花,private,0xFA79,U+82B1
0x7E3,芳,private,0xFA7A,U+82B3
0x7E4,芽,private,0xFA7B,U+82BD
0x7E5,苍,private,0xFA7C,U+82CD
0x7E6,苏,private,0xFA7D,U+82CF
0x7E7,苗,private,0xFA7E,U+82D7
0x7E8,苟,private,0xFA80,U+82DF
0x7E9,若,private,0xFA81,U+82E5
0x7EA,苦,private,0xFA82,U+82E6
0x7EB,英,private,0xFA83,U+82F1
0x7EC,苹,private,0xFA84,U+82F9
0x7ED,茁,private,0xFA85,U+8301
0x7EE,茂,private,0xFA86,U+8302
0x7EF,范,private,0xFA87,U+8303
0x7F0,茨,private,0xFA88,U+8328
0x7F1,茫,private,0xFA89,U+832B
0x7F2,茬,private,0xFA8A,U+832C
0x7F3,茶,private,0xFA8B,U+8336
0x7F4,茸,private,0xFA8C,U+8338
0x7F5,草,private,0xFA8D,U+8349
0x7F6,荐,private,0xFA8E,U+8350
0x7F7,荒,private,0xFA8F,U+8352
0x7F8,荞,private,0xFA90,U+835E
0x7F9,荣,private,0xFA91,U+8363
0x7FA,药,private,0xFA92,U+836F
0x7FB,荷,private,0xFA93,U+8377
0x7FC,莉,private,0xFA94,U+8389
0x7FD,莓,private,0xFA95,U+8393
0x7FE,莫,private,0xFA96,U+83AB
0x7FF,莱,private,0xFA97,U+83B1
0x800,莲,private,0xFA98,U+83B2
0x801,获,private,0xFA99,U+83B7
0x802,莹,private,0xFA9A,U+83B9
0x803,莽,private,0xFA9B,U+83BD
0x804,菊,private,0xFA9C,U+83CA
0x805,菜,private,0xFA9D,U+83DC
0x806,菠,private,0xFA9E,U+83E0
0x807,菲,private,0xFA9F,U+83F2
0x808,萌,private,0xFAA0,U+840C
0x809,萝,private,0xFAA1,U+841D
0x80A,萤,private,0xFAA2,U+8424
0x80B,营,private,0xFAA3,U+8425
0x80C,萨,private,0xFAA4,U+8428
0x80D,萩,private,0xFAA5,U+8429
0x80E,落,private,0xFAA6,U+843D
0x80F,著,private,0xFAA7,U+8457
0x810,葩,private,0xFAA8,U+8469
0x811,葬,private,0xFAA9,U+846C
0x812,葵,private,0xFAAA,U+8475
0x813,蒙,private,0xFAAB,U+8499
0x814,蒜,private,0xFAAC,U+849C
0x815,蒸,private,0xFAAD,U+84B8
0x816,蒼,private,0xFAAE,U+84BC
0x817,蓄,private,0xFAAF,U+84C4
0x818,蓝,private,0xFAB0,U+84DD
0x819,蓬,private,0xFAB1,U+84EC
0x81A,蔫,private,0xFAB2,U+852B
0x81B,蔬,private,0xFAB3,U+852C
0x81C,蕉,private,0xFAB4,U+8549
0x81D,蕾,private,0xFAB5,U+857E
0x81E,薄,private,0xFAB6,U+8584
0x81F,薪,private,0xFAB7,U+85AA
0x820,藏,private,0xFAB8,U+85CF
0x821,藤,private,0xFAB9,U+85E4
0x822,虎,private,0xFABA,U+864E
0x823,虑,private,0xFABB,U+8651
0x824,虚,private,0xFABC,U+865A
0x825,虫,private,0xFABD,U+866B
0x826,虱,private,0xFABE,U+8671
0x827,虹,private,0xFABF,U+8679
0x828,虽,private,0xFAC0,U+867D
0x829,虾,private,0xFAC1,U+867E
0x82A,蚊,private,0xFAC2,U+868A
0x82B,蛇,private,0xFAC3,U+86C7
0x82C,蛋,private,0xFAC4,U+86CB
0x82D,蛮,private,0xFAC5,U+86EE
0x82E,蜂,private,0xFAC6,U+8702
0x82F,蜇,private,0xFAC7,U+8707
0x830,蜕,private,0xFAC8,U+8715
0x831,蜜,private,0xFAC9,U+871C
0x832,蝎,private,0xFACA,U+874E
0x833,蝙,private,0xFACB,U+8759
0x834,蝠,private,0xFACC,U+8760
0x835,蝴,private,0xFACD,U+8774
0x836,蝶,private,0xFACE,U+8776
0x837,融,private,0xFACF,U+878D
0x838,蟹,private,0xFAD0,U+87F9
0x839,蠢,private,0xFAD1,U+8822
0x83A,血,private,0xFAD2,U+8840
0x83B,衅,private,0xFAD3,U+8845
0x83C,行,private,0xFAD4,U+884C
0x83D,衍,private,0xFAD5,U+884D
0x83E,衔,private,0xFAD6,U+8854
0x83F,街,private,0xFAD7,U+8857
0x840,衡,private,0xFAD8,U+8861
0x841,衣,private,0xFAD9,U+8863
0x842,补,private,0xFADA,U+8865
0x843,表,private,0xFADB,U+8868
0x844,衫,private,0xFADC,U+886B
0x845,衷,private,0xFADD,U+8877
0x846,袋,private,0xFADE,U+888B
0x847,袒,private,0xFADF,U+8892
0x848,袖,private,0xFAE0,U+8896
0x849,被,private,0xFAE1,U+88AB
0x84A,袭,private,0xFAE2,U+88AD
0x84B,裁,private,0xFAE3,U+88C1
0x84C,裂,private,0xFAE4,U+88C2
0x84D,装,private,0xFAE5,U+88C5
0x84E,裕,private,0xFAE6,U+88D5
0x84F,裙,private,0xFAE7,U+88D9
0x850,裤,private,0xFAE8,U+88E4
0x851,裹,private,0xFAE9,U+88F9
0x852,褒,private,0xFAEA,U+8912
0x853,西,private,0xFAEB,U+897F
0x854,要,private,0xFAEC,U+8981
0x855,覆,private,0xFAED,U+8986
0x856,见,private,0xFAEE,U+89C1
0x857,观,private,0xFAEF,U+89C2
0x858,规,private,0xFAF0,U+89C4
0x859,视,private,0xFAF1,U+89C6
0x85A,览,private,0xFAF2,U+89C8
0x85B,觉,private,0xFAF3,U+89C9
0x85C,角,private,0xFAF4,U+89D2
0x85D,解,private,0xFAF5,U+89E3
0x85E,触,private,0xFAF6,U+89E6
0x85F,言,private,0xFAF7,U+8A00
0x860,誉,private,0xFAF8,U+8A89
0x861,誓,private,0xFAF9,U+8A93
0x862,警,private,0xFAFA,U+8B66
0x863,计,private,0xFAFB,U+8BA1
0x864,订,private,0xFAFC,U+8BA2
0x865,认,private,0xFB40,U+8BA4
0x866,讨,private,0xFB41,U+8BA8
0x867,让,private,0xFB42,U+8BA9
0x868,训,private,0xFB43,U+8BAD
0x869,议,private,0xFB44,U+8BAE
0x86A,讯,private,0xFB45,U+8BAF
0x86B,记,private,0xFB46,U+8BB0
0x86C,讲,private,0xFB47,U+8BB2
0x86D,讶,private,0xFB48,U+8BB6
0x86E,许,private,0xFB49,U+8BB8
0x86F,论,private,0xFB4A,U+8BBA
0x870,设,private,0xFB4B,U+8BBE
0x871,访,private,0xFB4C,U+8BBF
0x872,诀,private,0xFB4D,U+8BC0
0x873,证,private,0xFB4E,U+8BC1
0x874,评,private,0xFB4F,U+8BC4
0x875,诅,private,0xFB50,U+8BC5
0x876,识,private,0xFB51,U+8BC6
0x877,诈,private,0xFB52,U+8BC8
0x878,诉,private,0xFB53,U+8BC9
0x879,词,private,0xFB54,U+8BCD
0x87A,试,private,0xFB55,U+8BD5
0x87B,诗,private,0xFB56,U+8BD7
0x87C,诚,private,0xFB57,U+8BDA
0x87D,话,private,0xFB58,U+8BDD
0x87E,诞,private,0xFB59,U+8BDE
0x87F,诡,private,0xFB5A,U+8BE1
0x880,询,private,0xFB5B,U+8BE2
0x881,该,private,0xFB5C,U+8BE5
0x882,详,private,0xFB5D,U+8BE6
0x883,语,private,0xFB5E,U+8BED
0x884,误,private,0xFB5F,U+8BEF
0x885,诱,private,0xFB60,U+8BF1
0x886,诲,private,0xFB61,U+8BF2
0x887,说,private,0xFB62,U+8BF4
0x888,诶,private,0xFB63,U+8BF6
0x889,请,private,0xFB64,U+8BF7
0x88A,诸,private,0xFB65,U+8BF8
0x88B,诺,private,0xFB66,U+8BFA
0x88C,读,private,0xFB67,U+8BFB
0x88D,课,private,0xFB68,U+8BFE
0x88E,谁,private,0xFB69,U+8C01
0x88F,调,private,0xFB6A,U+8C03
0x890,谅,private,0xFB6B,U+8C05
0x891,谈,private,0xFB6C,U+8C08
0x892,谋,private,0xFB6D,U+8C0B
0x893,谍,private,0xFB6E,U+8C0D
0x894,谎,private,0xFB6F,U+8C0E
0x895,谓,private,0xFB70,U+8C13
0x896,谜,private,0xFB71,U+8C1C
0x897,谢,private,0xFB72,U+8C22
0x898,谣,private,0xFB73,U+8C23
0x899,谨,private,0xFB74,U+8C28
0x89A,谱,private,0xFB75,U+8C31
0x89B,谷,private,0xFB76,U+8C37
0x89C,豁,private,0xFB77,U+8C41
0x89D,豆,private,0xFB78,U+8C46
0x89E,豚,private,0xFB79,U+8C5A
0x89F,象,private,0xFB7A,U+8C61
0x8A0,豪,private,0xFB7B,U+8C6A
0x8A1,豫,private,0xFB7C,U+8C6B
0x8A2,貌,private,0xFB7D,U+8C8C
0x8A3,贝,private,0xFB7E,U+8D1D
0x8A4,负,private,0xFB80,U+8D1F
0x8A5,财,private,0xFB81,U+8D22
0x8A6,责,private,0xFB82,U+8D23
0x8A7,败,private,0xFB83,U+8D25
0x8A8,货,private,0xFB84,U+8D27
0x8A9,质,private,0xFB85,U+8D28
0x8AA,贩,private,0xFB86,U+8D29
0x8AB,贪,private,0xFB87,U+8D2A
0x8AC,贫,private,0xFB88,U+8D2B
0x8AD,购,private,0xFB89,U+8D2D
0x8AE,贯,private,0xFB8A,U+8D2F
0x8AF,贴,private,0xFB8B,U+8D34
0x8B0,贵,private,0xFB8C,U+8D35
0x8B1,费,private,0xFB8D,U+8D39
0x8B2,贺,private,0xFB8E,U+8D3A
0x8B3,贼,private,0xFB8F,U+8D3C
0x8B4,资,private,0xFB90,U+8D44
0x8B5,赋,private,0xFB91,U+8D4B
0x8B6,赌,private,0xFB92,U+8D4C
0x8B7,赏,private,0xFB93,U+8D4F
0x8B8,赔,private,0xFB94,U+8D54
0x8B9,赖,private,0xFB95,U+8D56
0x8BA,赚,private,0xFB96,U+8D5A
0x8BB,赛,private,0xFB97,U+8D5B
0x8BC,赞,private,0xFB98,U+8D5E
0x8BD,赠,private,0xFB99,U+8D60
0x8BE,赢,private,0xFB9A,U+8D62
0x8BF,赤,private,0xFB9B,U+8D64
0x8C0,走,private,0xFB9C,U+8D70
0x8C1,赴,private,0xFB9D,U+8D74
0x8C2,赶,private,0xFB9E,U+8D76
0x8C3,起,private,0xFB9F,U+8D77
0x8C4,趁,private,0xFBA0,U+8D81
0x8C5,超,private,0xFBA1,U+8D85
0x8C6,越,private,0xFBA2,U+8D8A
0x8C7,趋,private,0xFBA3,U+8D8B
0x8C8,趟,private,0xFBA4,U+8D9F
0x8C9,趣,private,0xFBA5,U+8DA3
0x8CA,足,private,0xFBA6,U+8DB3
0x8CB,趴,private,0xFBA7,U+8DB4
0x8CC,趾,private,0xFBA8,U+8DBE
0x8CD,跃,private,0xFBA9,U+8DC3
0x8CE,跌,private,0xFBAA,U+8DCC
0x8CF,跑,private,0xFBAB,U+8DD1
0x8D0,跚,private,0xFBAC,U+8DDA
0x8D1,距,private,0xFBAD,U+8DDD
0x8D2,跟,private,0xFBAE,U+8DDF
0x8D3,跤,private,0xFBAF,U+8DE4
0x8D4,跨,private,0xFBB0,U+8DE8
0x8D5,跪,private,0xFBB1,U+8DEA
0x8D6,路,private,0xFBB2,U+8DEF
0x8D7,跳,private,0xFBB3,U+8DF3
0x8D8,践,private,0xFBB4,U+8DF5
0x8D9,跷,private,0xFBB5,U+8DF7
0x8DA,踏,private,0xFBB6,U+8E0F
0x8DB,踝,private,0xFBB7,U+8E1D
0x8DC,踢,private,0xFBB8,U+8E22
0x8DD,踩,private,0xFBB9,U+8E29
0x8DE,踪,private,0xFBBA,U+8E2A
0x8DF,踮,private,0xFBBB,U+8E2E
0x8E0,踵,private,0xFBBC,U+8E35
0x8E1,蹈,private,0xFBBD,U+8E48
0x8E2,蹑,private,0xFBBE,U+8E51
0x8E3,蹒,private,0xFBBF,U+8E52
0x8E4,蹦,private,0xFBC0,U+8E66
0x8E5,蹭,private,0xFBC1,U+8E6D
0x8E6,蹲,private,0xFBC2,U+8E72
0x8E7,躁,private,0xFBC3,U+8E81
0x8E8,身,private,0xFBC4,U+8EAB
0x8E9,躲,private,0xFBC5,U+8EB2
0x8EA,车,private,0xFBC6,U+8F66
0x8EB,轨,private,0xFBC7,U+8F68
0x8EC,转,private,0xFBC8,U+8F6C
0x8ED,轮,private,0xFBC9,U+8F6E
0x8EE,软,private,0xFBCA,U+8F6F
0x8EF,轰,private,0xFBCB,U+8F70
0x8F0,轻,private,0xFBCC,U+8F7B
0x8F1,载,private,0xFBCD,U+8F7D
0x8F2,较,private,0xFBCE,U+8F83
0x8F3,辅,private,0xFBCF,U+8F85
0x8F4,辆,private,0xFBD0,U+8F86
0x8F5,辈,private,0xFBD1,U+8F88
0x8F6,辉,private,0xFBD2,U+8F89
0x8F7,辑,private,0xFBD3,U+8F91
0x8F8,输,private,0xFBD4,U+8F93
0x8F9,辛,private,0xFBD5,U+8F9B
0x8FA,辜,private,0xFBD6,U+8F9C
0x8FB,辞,private,0xFBD7,U+8F9E
0x8FC,辣,private,0xFBD8,U+8FA3
0x8FD,辨,private,0xFBD9,U+8FA8
0x8FE,辰,private,0xFBDA,U+8FB0
0x8FF,边,private,0xFBDB,U+8FB9
0x900,达,private,0xFBDC,U+8FBE
0x901,迁,private,0xFBDD,U+8FC1
0x902,迄,private,0xFBDE,U+8FC4
0x903,迅,private,0xFBDF,U+8FC5
0x904,过,private,0xFBE0,U+8FC7
0x905,迈,private,0xFBE1,U+8FC8
0x906,迎,private,0xFBE2,U+8FCE
0x907,运,private,0xFBE3,U+8FD0
0x908,近,private,0xFBE4,U+8FD1
0x909,返,private,0xFBE5,U+8FD4
0x90A,还,private,0xFBE6,U+8FD8
0x90B,这,private,0xFBE7,U+8FD9
0x90C,进,private,0xFBE8,U+8FDB
0x90D,远,private,0xFBE9,U+8FDC
0x90E,违,private,0xFBEA,U+8FDD
0x90F,连,private,0xFBEB,U+8FDE
0x910,迟,private,0xFBEC,U+8FDF
0x911,迪,private,0xFBED,U+8FEA
0x912,迫,private,0xFBEE,U+8FEB
0x913,迷,private,0xFBEF,U+8FF7
0x914,迹,private,0xFBF0,U+8FF9
0x915,追,private,0xFBF1,U+8FFD
0x916,退,private,0xFBF2,U+9000
0x917,送,private,0xFBF3,U+9001
0x918,适,private,0xFBF4,U+9002
0x919,逃,private,0xFBF5,U+9003
0x91A,逆,private,0xFBF6,U+9006
0x91B,选,private,0xFBF7,U+9009
0x91C,透,private,0xFBF8,U+900F
0x91D,逐,private,0xFBF9,U+9010
0x91E,递,private,0xFBFA,U+9012
0x91F,途,private,0xFBFB,U+9014
0x920,逗,private,0xFBFC,U+9017
0x921,通,private,0xFC40,U+901A
0x922,逛,private,0xFC41,U+901B
0x923,逝,private,0xFC42,U+901D
0x924,逞,private,0xFC43,U+901E
0x925,速,private,0xFC44,U+901F
0x926,造,private,0xFC45,U+9020
0x927,逢,private,0xFC46,U+9022
0x928,逸,private,0xFC47,U+9038
0x929,逻,private,0xFC48,U+903B
0x92A,逼,private,0xFC49,U+903C
0x92B,遇,private,0xFC4A,U+9047
0x92C,遍,private,0xFC4B,U+904D
0x92D,道,private,0xFC4C,U+9053
0x92E,遗,private,0xFC4D,U+9057
0x92F,遛,private,0xFC4E,U+905B
0x930,遢,private,0xFC4F,U+9062
0x931,遥,private,0xFC50,U+9065
0x932,遭,private,0xFC51,U+906D
0x933,遮,private,0xFC52,U+906E
0x934,遵,private,0xFC53,U+9075
0x935,避,private,0xFC54,U+907F
0x936,邀,private,0xFC55,U+9080
0x937,邋,private,0xFC56,U+908B
0x938,那,private,0xFC57,U+90A3
0x939,邦,private,0xFC58,U+90A6
0x93A,邪,private,0xFC59,U+90AA
0x93B,邮,private,0xFC5A,U+90AE
0x93C,邸,private,0xFC5B,U+90B8
0x93D,邻,private,0xFC5C,U+90BB
0x93E,郁,private,0xFC5D,U+90C1
0x93F,郊,private,0xFC5E,U+90CA
0x940,郎,private,0xFC5F,U+90CE
0x941,郑,private,0xFC60,U+90D1
0x942,部,private,0xFC61,U+90E8
0x943,都,private,0xFC62,U+90FD
0x944,配,private,0xFC63,U+914D
0x945,酒,private,0xFC64,U+9152
0x946,酪,private,0xFC65,U+916A
0x947,酱,private,0xFC66,U+9171
0x948,酷,private,0xFC67,U+9177
0x949,酸,private,0xFC68,U+9178
0x94A,酿,private,0xFC69,U+917F
0x94B,醉,private,0xFC6A,U+9189
0x94C,醋,private,0xFC6B,U+918B
0x94D,醒,private,0xFC6C,U+9192
0x94E,采,private,0xFC6D,U+91C7
0x94F,释,private,0xFC6E,U+91CA
0x950,里,private,0xFC6F,U+91CC
0x951,重,private,0xFC70,U+91CD
0x952,野,private,0xFC71,U+91CE
0x953,量,private,0xFC72,U+91CF
0x954,金,private,0xFC73,U+91D1
0x955,鉴,private,0xFC74,U+9274
0x956,针,private,0xFC75,U+9488
0x957,钝,private,0xFC76,U+949D
0x958,钞,private,0xFC77,U+949E
0x959,钟,private,0xFC78,U+949F
0x95A,钩,private,0xFC79,U+94A9
0x95B,钮,private,0xFC7A,U+94AE
0x95C,钱,private,0xFC7B,U+94B1
0x95D,钻,private,0xFC7C,U+94BB
0x95E,铁,private,0xFC7D,U+94C1
0x95F,铃,private,0xFC7E,U+94C3
0x960,铛,private,0xFC80,U+94DB
0x961,铭,private,0xFC81,U+94ED
0x962,银,private,0xFC82,U+94F6
0x963,铺,private,0xFC83,U+94FA
0x964,销,private,0xFC84,U+9500
0x965,锅,private,0xFC85,U+9505
0x966,锋,private,0xFC86,U+950B
0x967,锐,private,0xFC87,U+9510
0x968,错,private,0xFC88,U+9519
0x969,锭,private,0xFC89,U+952D
0x96A,键,private,0xFC8A,U+952E
0x96B,锵,private,0xFC8B,U+9535
0x96C,锻,private,0xFC8C,U+953B
0x96D,镇,private,0xFC8D,U+9547
0x96E,镍,private,0xFC8E,U+954D
0x96F,镖,private,0xFC8F,U+9556
0x970,镜,private,0xFC90,U+955C
0x971,长,private,0xFC91,U+957F
0x972,门,private,0xFC92,U+95E8
0x973,闪,private,0xFC93,U+95EA
0x974,闭,private,0xFC94,U+95ED
0x975,问,private,0xFC95,U+95EE
0x976,闯,private,0xFC96,U+95EF
0x977,闲,private,0xFC97,U+95F2
0x978,间,private,0xFC98,U+95F4
0x979,闷,private,0xFC99,U+95F7
0x97A,闹,private,0xFC9A,U+95F9
0x97B,闻,private,0xFC9B,U+95FB
0x97C,阁,private,0xFC9C,U+9601
0x97D,阅,private,0xFC9D,U+9605
0x97E,阔,private,0xFC9E,U+9614
0x97F,阜,private,0xFC9F,U+961C
0x980,队,private,0xFCA0,U+961F
0x981,阪,private,0xFCA1,U+962A
0x982,阱,private,0xFCA2,U+9631
0x983,防,private,0xFCA3,U+9632
0x984,阳,private,0xFCA4,U+9633
0x985,阴,private,0xFCA5,U+9634
0x986,阵,private,0xFCA6,U+9635
0x987,阶,private,0xFCA7,U+9636
0x988,阻,private,0xFCA8,U+963B
0x989,阿,private,0xFCA9,U+963F
0x98A,附,private,0xFCAA,U+9644
0x98B,际,private,0xFCAB,U+9645
0x98C,陆,private,0xFCAC,U+9646
0x98D,陈,private,0xFCAD,U+9648
0x98E,陌,private,0xFCAE,U+964C
0x98F,降,private,0xFCAF,U+964D
0x990,限,private,0xFCB0,U+9650
0x991,院,private,0xFCB1,U+9662
0x992,除,private,0xFCB2,U+9664
0x993,险,private,0xFCB3,U+9669
0x994,陪,private,0xFCB4,U+966A
0x995,陷,private,0xFCB5,U+9677
0x996,陽,private,0xFCB6,U+967D
0x997,隅,private,0xFCB7,U+9685
0x998,隆,private,0xFCB8,U+9686
0x999,随,private,0xFCB9,U+968F
0x99A,隐,private,0xFCBA,U+9690
0x99B,隔,private,0xFCBB,U+9694
0x99C,隙,private,0xFCBC,U+9699
0x99D,难,private,0xFCBD,U+96BE
0x99E,雀,private,0xFCBE,U+96C0
0x99F,雄,private,0xFCBF,U+96C4
0x9A0,雅,private,0xFCC0,U+96C5
0x9A1,集,private,0xFCC1,U+96C6
0x9A2,雇,private,0xFCC2,U+96C7
0x9A3,雏,private,0xFCC3,U+96CF
0x9A4,雕,private,0xFCC4,U+96D5
0x9A5,雨,private,0xFCC5,U+96E8
0x9A6,雪,private,0xFCC6,U+96EA
0x9A7,零,private,0xFCC7,U+96F6
0x9A8,雷,private,0xFCC8,U+96F7
0x9A9,需,private,0xFCC9,U+9700
0x9AA,震,private,0xFCCA,U+9707
0x9AB,露,private,0xFCCB,U+9732
0x9AC,霸,private,0xFCCC,U+9738
0x9AD,青,private,0xFCCD,U+9752
0x9AE,静,private,0xFCCE,U+9759
0x9AF,靛,private,0xFCCF,U+975B
0x9B0,非,private,0xFCD0,U+975E
0x9B1,靠,private,0xFCD1,U+9760
0x9B2,面,private,0xFCD2,U+9762
0x9B3,鞋,private,0xFCD3,U+978B
0x9B4,鞭,private,0xFCD4,U+97AD
0x9B5,韦,private,0xFCD5,U+97E6
0x9B6,韧,private,0xFCD6,U+97E7
0x9B7,音,private,0xFCD7,U+97F3
0x9B8,韵,private,0xFCD8,U+97F5
0x9B9,页,private,0xFCD9,U+9875
0x9BA,顶,private,0xFCDA,U+9876
0x9BB,项,private,0xFCDB,U+9879
0x9BC,顺,private,0xFCDC,U+987A
0x9BD,须,private,0xFCDD,U+987B
0x9BE,顽,private,0xFCDE,U+987D
0x9BF,顾,private,0xFCDF,U+987E
0x9C0,顿,private,0xFCE0,U+987F
0x9C1,颁,private,0xFCE1,U+9881
0x9C2,颂,private,0xFCE2,U+9882
0x9C3,预,private,0xFCE3,U+9884
0x9C4,领,private,0xFCE4,U+9886
0x9C5,颈,private,0xFCE5,U+9888
0x9C6,颊,private,0xFCE6,U+988A
0x9C7,频,private,0xFCE7,U+9891
0x9C8,颖,private,0xFCE8,U+9896
0x9C9,颗,private,0xFCE9,U+9897
0x9CA,题,private,0xFCEA,U+9898
0x9CB,颜,private,0xFCEB,U+989C
0x9CC,额,private,0xFCEC,U+989D
0x9CD,颠,private,0xFCED,U+98A0
0x9CE,颤,private,0xFCEE,U+98A4
0x9CF,风,private,0xFCEF,U+98CE
0x9D0,飕,private,0xFCF0,U+98D5
0x9D1,飘,private,0xFCF1,U+98D8
0x9D2,飙,private,0xFCF2,U+98D9
0x9D3,飞,private,0xFCF3,U+98DE
0x9D4,食,private,0xFCF4,U+98DF
0x9D5,飯,private,0xFCF5,U+98EF
0x9D6,餐,private,0xFCF6,U+9910
0x9D7,饪,private,0xFCF7,U+996A
0x9D8,饭,private,0xFCF8,U+996D
0x9D9,饮,private,0xFCF9,U+996E
0x9DA,饰,private,0xFCFA,U+9970
0x9DB,饱,private,0xFCFB,U+9971
0x9DC,饶,private,0xFCFC,U+9976
0x9DD,饼,private,0xFD40,U+997C
0x9DE,饿,private,0xFD41,U+997F
0x9DF,馁,private,0xFD42,U+9981
0x9E0,馆,private,0xFD43,U+9986
0x9E1,首,private,0xFD44,U+9996
0x9E2,香,private,0xFD45,U+9999
0x9E3,马,private,0xFD46,U+9A6C
0x9E4,驰,private,0xFD47,U+9A70
0x9E5,驱,private,0xFD48,U+9A71
0x9E6,驳,private,0xFD49,U+9A73
0x9E7,驷,private,0xFD4A,U+9A77
0x9E8,驼,private,0xFD4B,U+9A7C
0x9E9,驾,private,0xFD4C,U+9A7E
0x9EA,驿,private,0xFD4D,U+9A7F
0x9EB,骂,private,0xFD4E,U+9A82
0x9EC,骄,private,0xFD4F,U+9A84
0x9ED,验,private,0xFD50,U+9A8C
0x9EE,骑,private,0xFD51,U+9A91
0x9EF,骗,private,0xFD52,U+9A97
0x9F0,骚,private,0xFD53,U+9A9A
0x9F1,骨,private,0xFD54,U+9AA8
0x9F2,高,private,0xFD55,U+9AD8
0x9F3,髦,private,0xFD56,U+9AE6
0x9F4,鬘,private,0xFD57,U+9B18
0x9F5,鬼,private,0xFD58,U+9B3C
0x9F6,魂,private,0xFD59,U+9B42
0x9F7,魄,private,0xFD5A,U+9B44
0x9F8,魅,private,0xFD5B,U+9B45
0x9F9,魔,private,0xFD5C,U+9B54
0x9FA,鱼,private,0xFD5D,U+9C7C
0x9FB,鱿,private,0xFD5E,U+9C7F
0x9FC,鲁,private,0xFD5F,U+9C81
0x9FD,鲔,private,0xFD60,U+9C94
0x9FE,鲜,private,0xFD61,U+9C9C
0x9FF,鲤,private,0xFD62,U+9CA4
0xA00,鲨,private,0xFD63,U+9CA8
0xA01,鲷,private,0xFD64,U+9CB7
0xA02,鲸,private,0xFD65,U+9CB8
0xA03,鳌,private,0xFD66,U+9CCC
0xA04,鳗,private,0xFD67,U+9CD7
0xA05,鳥,private,0xFD68,U+9CE5
0xA06,鸟,private,0xFD69,U+9E1F
0xA07,鸡,private,0xFD6A,U+9E21
0xA08,鸦,private,0xFD6B,U+9E26
0xA09,鸽,private,0xFD6C,U+9E3D
0xA0A,鹃,private,0xFD6D,U+9E43
0xA0B,鹅,private,0xFD6E,U+9E45
0xA0C,鹊,private,0xFD6F,U+9E4A
0xA0D,鹤,private,0xFD70,U+9E64
0xA0E,鹫,private,0xFD71,U+9E6B
0xA0F,鹭,private,0xFD72,U+9E6D
0xA10,鹰,private,0xFD73,U+9E70
0xA11,鹳,private,0xFD74,U+9E73
0xA12,鹿,private,0xFD75,U+9E7F
0xA13,麝,private,0xFD76,U+9E9D
0xA14,麦,private,0xFD77,U+9EA6
0xA15,麻,private,0xFD78,U+9EBB
0xA16,黄,private,0xFD79,U+9EC4
0xA17,黏,private,0xFD7A,U+9ECF
0xA18,黑,private,0xFD7B,U+9ED1
0xA19,默,private,0xFD7C,U+9ED8
0xA1A,鼓,private,0xFD7D,U+9F13
0xA1B,鼻,private,0xFD7E,U+9F3B
0xA1C,齐,private,0xFD80,U+9F50
0xA1D,齿,private,0xFD81,U+9F7F
0xA1E,龄,private,0xFD82,U+9F84
0xA1F,龙,private,0xFD83,U+9F99
0xA20,龛,private,0xFD84,U+9F9B
